-- phpMyAdmin SQL Dump
-- version 5.2.0
-- https://www.phpmyadmin.net/
--
-- Host: 127.0.0.1:3306
-- Generation Time: Mar 02, 2023 at 09:38 AM
-- Server version: 8.0.31
-- PHP Version: 8.1.13

SET SQL_MODE = "NO_AUTO_VALUE_ON_ZERO";
START TRANSACTION;
SET time_zone = "+00:00";


/*!40101 SET @OLD_CHARACTER_SET_CLIENT=@@CHARACTER_SET_CLIENT */;
/*!40101 SET @OLD_CHARACTER_SET_RESULTS=@@CHARACTER_SET_RESULTS */;
/*!40101 SET @OLD_COLLATION_CONNECTION=@@COLLATION_CONNECTION */;
/*!40101 SET NAMES utf8mb4 */;

--
-- Database: `eapi`
--

-- --------------------------------------------------------

--
-- Table structure for table `failed_jobs`
--

DROP TABLE IF EXISTS `failed_jobs`;
CREATE TABLE IF NOT EXISTS `failed_jobs` (
  `id` bigint UNSIGNED NOT NULL AUTO_INCREMENT,
  `uuid` varchar(191) COLLATE utf8mb4_unicode_ci NOT NULL,
  `connection` text COLLATE utf8mb4_unicode_ci NOT NULL,
  `queue` text COLLATE utf8mb4_unicode_ci NOT NULL,
  `payload` longtext COLLATE utf8mb4_unicode_ci NOT NULL,
  `exception` longtext COLLATE utf8mb4_unicode_ci NOT NULL,
  `failed_at` timestamp NOT NULL DEFAULT CURRENT_TIMESTAMP,
  PRIMARY KEY (`id`),
  UNIQUE KEY `failed_jobs_uuid_unique` (`uuid`)
) ENGINE=MyISAM DEFAULT CHARSET=utf8mb4 COLLATE=utf8mb4_unicode_ci;

-- --------------------------------------------------------

--
-- Table structure for table `migrations`
--

DROP TABLE IF EXISTS `migrations`;
CREATE TABLE IF NOT EXISTS `migrations` (
  `id` int UNSIGNED NOT NULL AUTO_INCREMENT,
  `migration` varchar(191) COLLATE utf8mb4_unicode_ci NOT NULL,
  `batch` int NOT NULL,
  PRIMARY KEY (`id`)
) ENGINE=MyISAM AUTO_INCREMENT=7 DEFAULT CHARSET=utf8mb4 COLLATE=utf8mb4_unicode_ci;

--
-- Dumping data for table `migrations`
--

INSERT INTO `migrations` (`id`, `migration`, `batch`) VALUES
(1, '2014_10_12_000000_create_users_table', 1),
(2, '2014_10_12_100000_create_password_reset_tokens_table', 1),
(3, '2019_08_19_000000_create_failed_jobs_table', 1),
(4, '2019_12_14_000001_create_personal_access_tokens_table', 1),
(5, '2023_02_19_115724_create_products_table', 1),
(6, '2023_02_19_115917_create_reviews_table', 1);

-- --------------------------------------------------------

--
-- Table structure for table `password_reset_tokens`
--

DROP TABLE IF EXISTS `password_reset_tokens`;
CREATE TABLE IF NOT EXISTS `password_reset_tokens` (
  `email` varchar(191) COLLATE utf8mb4_unicode_ci NOT NULL,
  `token` varchar(191) COLLATE utf8mb4_unicode_ci NOT NULL,
  `created_at` timestamp NULL DEFAULT NULL,
  PRIMARY KEY (`email`)
) ENGINE=MyISAM DEFAULT CHARSET=utf8mb4 COLLATE=utf8mb4_unicode_ci;

-- --------------------------------------------------------

--
-- Table structure for table `personal_access_tokens`
--

DROP TABLE IF EXISTS `personal_access_tokens`;
CREATE TABLE IF NOT EXISTS `personal_access_tokens` (
  `id` bigint UNSIGNED NOT NULL AUTO_INCREMENT,
  `tokenable_type` varchar(191) COLLATE utf8mb4_unicode_ci NOT NULL,
  `tokenable_id` bigint UNSIGNED NOT NULL,
  `name` varchar(191) COLLATE utf8mb4_unicode_ci NOT NULL,
  `token` varchar(64) COLLATE utf8mb4_unicode_ci NOT NULL,
  `abilities` text COLLATE utf8mb4_unicode_ci,
  `last_used_at` timestamp NULL DEFAULT NULL,
  `expires_at` timestamp NULL DEFAULT NULL,
  `created_at` timestamp NULL DEFAULT NULL,
  `updated_at` timestamp NULL DEFAULT NULL,
  PRIMARY KEY (`id`),
  UNIQUE KEY `personal_access_tokens_token_unique` (`token`),
  KEY `personal_access_tokens_tokenable_type_tokenable_id_index` (`tokenable_type`,`tokenable_id`)
) ENGINE=MyISAM DEFAULT CHARSET=utf8mb4 COLLATE=utf8mb4_unicode_ci;

-- --------------------------------------------------------

--
-- Table structure for table `products`
--

DROP TABLE IF EXISTS `products`;
CREATE TABLE IF NOT EXISTS `products` (
  `id` int UNSIGNED NOT NULL AUTO_INCREMENT,
  `name` varchar(191) COLLATE utf8mb4_unicode_ci NOT NULL,
  `detail` text COLLATE utf8mb4_unicode_ci NOT NULL,
  `price` int NOT NULL,
  `stock` int NOT NULL,
  `discount` int NOT NULL,
  `created_at` timestamp NULL DEFAULT NULL,
  `updated_at` timestamp NULL DEFAULT NULL,
  PRIMARY KEY (`id`)
) ENGINE=MyISAM AUTO_INCREMENT=51 DEFAULT CHARSET=utf8mb4 COLLATE=utf8mb4_unicode_ci;

--
-- Dumping data for table `products`
--

INSERT INTO `products` (`id`, `name`, `detail`, `price`, `stock`, `discount`, `created_at`, `updated_at`) VALUES
(1, 'non', 'Eum architecto deleniti aspernatur eos. Reprehenderit natus ut est voluptatibus itaque minus est. Ipsam voluptatum reiciendis aspernatur magnam.', 274, 8, 21, '2023-03-02 03:58:51', '2023-03-02 03:58:51'),
(2, 'amet', 'Sequi quibusdam impedit eius quas totam laudantium aliquid. Neque dignissimos laudantium occaecati. Animi inventore blanditiis consequatur fugit voluptatem. Ea sit rerum est perferendis.', 737, 1, 19, '2023-03-02 03:58:51', '2023-03-02 03:58:51'),
(3, 'autem', 'Suscipit eos sapiente sit aut nesciunt nostrum. Mollitia est error non unde et vero ut. Dignissimos dolores eligendi nisi tempore tenetur illo eaque. Commodi nesciunt quod nisi expedita veritatis qui.', 773, 6, 22, '2023-03-02 03:58:51', '2023-03-02 03:58:51'),
(4, 'facilis', 'Illum eum deleniti ut et. Aut ea saepe alias dolore ad beatae voluptates doloribus. Consequatur quia libero voluptates ut cupiditate consequuntur.', 413, 9, 24, '2023-03-02 03:58:51', '2023-03-02 03:58:51'),
(5, 'vitae', 'Aut voluptas consectetur aut occaecati dolorem ad quos laudantium. Consequatur commodi at soluta sint consequatur quasi doloremque.', 373, 9, 14, '2023-03-02 03:58:51', '2023-03-02 03:58:51'),
(6, 'quas', 'Quia natus sit voluptas cumque officia ut reiciendis. Quis aspernatur et iusto sit. Qui asperiores odit sed non ut. Porro cumque in corrupti sint consectetur.', 171, 0, 17, '2023-03-02 03:58:51', '2023-03-02 03:58:51'),
(7, 'et', 'Tenetur hic dignissimos est sapiente nobis. Voluptatum aut est et dolorum in. Aut commodi natus ratione nihil. Et dolores omnis quibusdam.', 397, 5, 14, '2023-03-02 03:58:51', '2023-03-02 03:58:51'),
(8, 'ullam', 'Ut accusamus iste consectetur sed incidunt eum rem. Eligendi enim illo enim perspiciatis.', 484, 2, 26, '2023-03-02 03:58:51', '2023-03-02 03:58:51'),
(9, 'impedit', 'Culpa consectetur aut minus enim. Quidem sunt quisquam ad adipisci est et voluptatibus. Sit nemo molestiae qui quibusdam. Quasi aut ipsam nulla ut minus odio error est. Omnis nesciunt quis iste velit sunt.', 459, 5, 8, '2023-03-02 03:58:51', '2023-03-02 03:58:51'),
(10, 'sed', 'Magni nam vero aut sint. Sed eius velit consequatur distinctio quae et quas dolore. Eaque et accusantium ea modi sint magnam minima.', 955, 4, 25, '2023-03-02 03:58:51', '2023-03-02 03:58:51'),
(11, 'animi', 'Velit nam occaecati est eius exercitationem. Dignissimos molestiae omnis voluptas animi eos tempora repellendus voluptatem. Qui aut a eveniet consequuntur quaerat quae mollitia. Et totam cum est reiciendis magni.', 386, 6, 25, '2023-03-02 03:58:51', '2023-03-02 03:58:51'),
(12, 'quae', 'Explicabo magnam voluptate aliquid iste ad. Sunt maxime rerum sed aut et totam inventore quos. Sunt vero est dicta tempore aut aut explicabo.', 213, 2, 27, '2023-03-02 03:58:51', '2023-03-02 03:58:51'),
(13, 'dolorem', 'Ea praesentium autem voluptates placeat quod. Fuga qui ut temporibus. Libero quae nemo rerum ex corporis.', 547, 6, 2, '2023-03-02 03:58:51', '2023-03-02 03:58:51'),
(14, 'odit', 'Minima et vitae aut quos debitis sed qui. Maxime earum aspernatur nesciunt doloremque saepe ut est. Impedit et nostrum ipsum quisquam.', 799, 4, 25, '2023-03-02 03:58:51', '2023-03-02 03:58:51'),
(15, 'ex', 'Enim impedit qui facilis reprehenderit. Vel iure et et temporibus.', 714, 8, 15, '2023-03-02 03:58:51', '2023-03-02 03:58:51'),
(16, 'exercitationem', 'Temporibus ducimus eius mollitia tempore vel et fugiat ut. Delectus eius quibusdam in. Quae ut atque nihil non.', 448, 7, 25, '2023-03-02 03:58:51', '2023-03-02 03:58:51'),
(17, 'totam', 'Quia molestiae animi ex fugiat enim excepturi. Est eum non rerum enim. Id autem incidunt dolor provident. Iusto dolorem asperiores et sequi hic.', 359, 4, 14, '2023-03-02 03:58:51', '2023-03-02 03:58:51'),
(18, 'non', 'Quis fugit aspernatur et soluta ab et rerum. Exercitationem qui voluptas magni ex in eaque. Sit id officia accusamus voluptas esse voluptatum et. Unde id nihil minima vero deleniti omnis.', 348, 3, 7, '2023-03-02 03:58:51', '2023-03-02 03:58:51'),
(19, 'recusandae', 'Sunt ullam et odio reiciendis molestiae. Ut quo eius consequuntur sint ad aut ea. Sit doloribus voluptate ipsa dicta repellat est vitae.', 226, 5, 10, '2023-03-02 03:58:51', '2023-03-02 03:58:51'),
(20, 'reiciendis', 'Animi quos voluptatem quia laudantium. Architecto inventore quibusdam ut exercitationem similique. Repudiandae libero voluptatibus qui non dolore corporis sapiente. Perspiciatis quos vitae velit est dolorem.', 608, 3, 16, '2023-03-02 03:58:51', '2023-03-02 03:58:51'),
(21, 'facere', 'Ea non ullam quae pariatur non vel. Ex ipsam minus modi a molestiae. Ratione quas asperiores qui voluptate dolore numquam repudiandae.', 689, 0, 25, '2023-03-02 03:58:51', '2023-03-02 03:58:51'),
(22, 'voluptas', 'Est id nemo aut perferendis ex reiciendis impedit odio. Tempora odio illum provident nesciunt ea. Facilis veniam ut non voluptatem.', 191, 4, 30, '2023-03-02 03:58:51', '2023-03-02 03:58:51'),
(23, 'ullam', 'Consequatur vel et nulla ipsa neque. Ea culpa laborum tempora ut alias. Dolore asperiores libero a debitis.', 284, 6, 19, '2023-03-02 03:58:51', '2023-03-02 03:58:51'),
(24, 'omnis', 'Aut perferendis similique et blanditiis accusantium nostrum tempora. Laborum iusto repudiandae praesentium aliquid omnis rerum ipsam nemo. Exercitationem ut vel eum eum aut nisi. Tenetur id qui est.', 331, 0, 29, '2023-03-02 03:58:51', '2023-03-02 03:58:51'),
(25, 'odio', 'Dolorum doloremque nam sed nostrum cupiditate occaecati velit repellat. Omnis quibusdam a voluptatem maiores nesciunt excepturi. Iusto libero aliquam odit aut et quo.', 119, 5, 2, '2023-03-02 03:58:51', '2023-03-02 03:58:51'),
(26, 'qui', 'Quos rerum optio pariatur voluptatem ducimus aut. Tenetur tempora sit quos quia suscipit eos eum et. Et veritatis quae non eveniet commodi voluptatibus eligendi. Voluptas cum consequatur vitae et quod illo qui.', 970, 3, 7, '2023-03-02 03:58:51', '2023-03-02 03:58:51'),
(27, 'deserunt', 'Iure aut corporis illo non. Consequatur est aut eius non sunt est esse. Et fugit nam magni velit a eveniet consequatur. Reprehenderit non doloribus aut voluptatem quia ut recusandae.', 918, 5, 13, '2023-03-02 03:58:51', '2023-03-02 03:58:51'),
(28, 'enim', 'Dolore unde harum vel necessitatibus. Dolor aliquid omnis mollitia cum quas quia. Perspiciatis soluta praesentium ut ea repellendus.', 441, 7, 3, '2023-03-02 03:58:51', '2023-03-02 03:58:51'),
(29, 'omnis', 'Sed id fugiat repellat necessitatibus quis facilis. Eum voluptas repellat est ad dolores alias in cumque. Ullam voluptas quia in ut hic. Mollitia hic voluptates perspiciatis.', 553, 6, 15, '2023-03-02 03:58:51', '2023-03-02 03:58:51'),
(30, 'nihil', 'Excepturi quae iure vel saepe non fuga sint. Modi harum distinctio et dolorem. Et enim eligendi veritatis cumque nobis omnis. Assumenda maiores id numquam.', 749, 5, 10, '2023-03-02 03:58:51', '2023-03-02 03:58:51'),
(31, 'quibusdam', 'Aliquam perferendis voluptate iusto repellat. Est culpa et ut et. Maiores quis officia atque vel eligendi. Ipsa cumque alias alias sit iure.', 768, 4, 2, '2023-03-02 03:58:51', '2023-03-02 03:58:51'),
(32, 'in', 'Dolore deserunt voluptas consequatur. Modi sapiente itaque in vel qui. Iste quos sunt quis amet accusantium hic.', 918, 2, 27, '2023-03-02 03:58:51', '2023-03-02 03:58:51'),
(33, 'quis', 'Nam hic veritatis mollitia. Tempora a et expedita ratione iste placeat eligendi. Esse et voluptatem eum aliquam quia qui. Non illo enim eveniet ullam maiores ipsam eos.', 154, 7, 26, '2023-03-02 03:58:51', '2023-03-02 03:58:51'),
(34, 'dignissimos', 'Voluptatibus labore ut beatae temporibus vitae culpa molestiae. Consequatur porro voluptates tempora aut. Ipsam eveniet reiciendis id provident delectus corrupti.', 461, 4, 3, '2023-03-02 03:58:51', '2023-03-02 03:58:51'),
(35, 'perspiciatis', 'Quasi cupiditate ea repellat qui. Deleniti incidunt soluta et est magnam quas. Optio ut in enim amet molestiae et voluptatem. Veritatis velit aut dolorem accusantium temporibus.', 958, 4, 3, '2023-03-02 03:58:51', '2023-03-02 03:58:51'),
(36, 'eius', 'Porro ut eum culpa id molestiae. Corporis accusamus enim nesciunt accusantium. Sed tenetur distinctio quos nihil quisquam voluptatem velit.', 166, 3, 8, '2023-03-02 03:58:51', '2023-03-02 03:58:51'),
(37, 'voluptatum', 'Et recusandae eos iure fuga. Vero recusandae ut ea. Assumenda dicta velit error omnis nisi nihil dolorum numquam.', 467, 8, 16, '2023-03-02 03:58:51', '2023-03-02 03:58:51'),
(38, 'sit', 'Dicta error dolor est qui quia alias. Veniam sed quidem dolorem est atque sunt. Excepturi qui fuga quis.', 985, 4, 10, '2023-03-02 03:58:51', '2023-03-02 03:58:51'),
(39, 'qui', 'Animi odio quam quas dignissimos omnis praesentium. Vero explicabo vitae et. Totam provident non dolor omnis quas qui dignissimos cupiditate. Amet quis nihil dolorum ipsam est dicta.', 167, 2, 4, '2023-03-02 03:58:51', '2023-03-02 03:58:51'),
(40, 'id', 'Eos ea culpa aperiam quisquam deserunt quia. At rem placeat magni explicabo facilis. Blanditiis et quisquam in quas.', 192, 4, 15, '2023-03-02 03:58:51', '2023-03-02 03:58:51'),
(41, 'deleniti', 'Minus aspernatur quos cupiditate ipsa. Soluta error qui est ut quis vero. Distinctio cupiditate sed dolores itaque atque in aliquid. Error suscipit ratione ea autem eos reiciendis.', 787, 2, 27, '2023-03-02 03:58:51', '2023-03-02 03:58:51'),
(42, 'fuga', 'Repellendus dolorem doloribus incidunt reiciendis culpa. Dolores eos architecto vel fugiat. Voluptatem rerum expedita reiciendis soluta facilis fugiat qui.', 435, 4, 22, '2023-03-02 03:58:51', '2023-03-02 03:58:51'),
(43, 'consequuntur', 'Eligendi enim quas nihil qui. Omnis nisi voluptatem iure error at id non repudiandae. Debitis fugiat tempora et eveniet natus sit corporis placeat.', 750, 2, 4, '2023-03-02 03:58:51', '2023-03-02 03:58:51'),
(44, 'architecto', 'Porro voluptatum amet ut et vero autem tempora. Velit molestiae in voluptatem.', 612, 6, 14, '2023-03-02 03:58:51', '2023-03-02 03:58:51'),
(45, 'commodi', 'Repellendus rem natus atque incidunt eum. Quis consectetur amet magnam debitis illo minima. Eius nihil repellat modi quia. Ipsa voluptates neque deleniti facere molestiae omnis laborum pariatur.', 623, 5, 3, '2023-03-02 03:58:51', '2023-03-02 03:58:51'),
(46, 'maiores', 'Rem sapiente repellat minima at veritatis nesciunt. Modi explicabo voluptas nihil in eum dolorem. Placeat quia qui sed voluptatem.', 386, 7, 28, '2023-03-02 03:58:51', '2023-03-02 03:58:51'),
(47, 'et', 'Omnis quia nesciunt est harum enim eius quia. Magnam non quisquam vel suscipit aspernatur. Inventore eum numquam dolores voluptatem molestias dolorem.', 797, 4, 20, '2023-03-02 03:58:51', '2023-03-02 03:58:51'),
(48, 'totam', 'Eveniet vel rem officia laborum accusamus enim dignissimos. Quo dolorem rerum minus rerum error est adipisci. Mollitia animi in eos possimus corporis repudiandae quaerat. Autem nemo quod ipsam velit porro est.', 614, 0, 6, '2023-03-02 03:58:51', '2023-03-02 03:58:51'),
(49, 'autem', 'Cumque omnis consequatur molestiae in nesciunt sint. Perspiciatis libero inventore nihil officiis aut. Suscipit perspiciatis et odit eos pariatur voluptas praesentium dolorum. Distinctio sit ea temporibus vitae neque eos qui.', 915, 7, 7, '2023-03-02 03:58:51', '2023-03-02 03:58:51'),
(50, 'quia', 'Incidunt in quidem atque quod modi. Velit et repudiandae nobis doloribus et fugit voluptatem. Qui consequatur temporibus et ipsam occaecati et. Rerum nam consequatur in atque est fugit.', 476, 2, 4, '2023-03-02 03:58:51', '2023-03-02 03:58:51');

-- --------------------------------------------------------

--
-- Table structure for table `reviews`
--

DROP TABLE IF EXISTS `reviews`;
CREATE TABLE IF NOT EXISTS `reviews` (
  `id` int UNSIGNED NOT NULL AUTO_INCREMENT,
  `product_id` int UNSIGNED NOT NULL,
  `customer` varchar(191) COLLATE utf8mb4_unicode_ci NOT NULL,
  `review` text COLLATE utf8mb4_unicode_ci NOT NULL,
  `star` int NOT NULL,
  `created_at` timestamp NULL DEFAULT NULL,
  `updated_at` timestamp NULL DEFAULT NULL,
  PRIMARY KEY (`id`),
  KEY `reviews_product_id_index` (`product_id`)
) ENGINE=MyISAM AUTO_INCREMENT=301 DEFAULT CHARSET=utf8mb4 COLLATE=utf8mb4_unicode_ci;

--
-- Dumping data for table `reviews`
--

INSERT INTO `reviews` (`id`, `product_id`, `customer`, `review`, `star`, `created_at`, `updated_at`) VALUES
(1, 14, 'Alex Boyer', 'Velit voluptate dolore quidem ut adipisci quo. Voluptatem eveniet ab dicta magnam facilis quae. Id eum repudiandae quia saepe sint eius.', 3, '2023-03-02 03:58:56', '2023-03-02 03:58:56'),
(2, 32, 'Libby Bechtelar', 'Rem et mollitia blanditiis architecto iusto molestiae dolorem. Aut blanditiis quia voluptate autem totam fugit. Ut vel esse odio est dolores sequi ea.', 2, '2023-03-02 03:58:56', '2023-03-02 03:58:56'),
(3, 28, 'Jaquan Block', 'Ipsa quae qui voluptatem aut sed. Veniam ut nulla et possimus ut aut necessitatibus sunt. Minus repellat sit itaque et illum. Numquam aliquid eligendi itaque quisquam in quo beatae.', 5, '2023-03-02 03:58:56', '2023-03-02 03:58:56'),
(4, 26, 'Marcia Thiel', 'Voluptatibus reiciendis fugiat sapiente consequuntur voluptate aut optio et. Natus fuga ad dicta vero doloribus nostrum sit ipsum. Vitae qui deleniti quas placeat sit corporis.', 4, '2023-03-02 03:58:56', '2023-03-02 03:58:56'),
(5, 21, 'Beaulah Schmitt', 'Ea magnam quos molestias necessitatibus voluptatem sunt laboriosam. Et sint cum temporibus est omnis sint quos. In dolorum reiciendis qui sequi nisi eius consequatur doloremque.', 4, '2023-03-02 03:58:56', '2023-03-02 03:58:56'),
(6, 37, 'Ms. Loma Kulas DDS', 'Quia quaerat labore quod quidem vero. Natus veritatis molestiae nihil et. Molestias magnam voluptas aut facilis dolores et hic. Est ut assumenda et.', 5, '2023-03-02 03:58:56', '2023-03-02 03:58:56'),
(7, 4, 'Vada Jast', 'Laudantium aut distinctio quos sunt nemo. Debitis omnis et blanditiis et quo molestiae. Dolores dicta optio est non dicta dolorum. Et distinctio vel iusto eveniet veritatis.', 5, '2023-03-02 03:58:56', '2023-03-02 03:58:56'),
(8, 37, 'Miss Emily Pfeffer MD', 'Velit sit quisquam sed nulla totam qui. Vitae accusantium voluptatem ipsum vel atque. Eos sed libero sit dolores autem.', 0, '2023-03-02 03:58:56', '2023-03-02 03:58:56'),
(9, 44, 'Keanu Sanford', 'Velit quae qui et ut suscipit. Et maiores ullam natus qui nulla. Reprehenderit aut numquam odio rerum perspiciatis accusamus. Libero delectus dolor rerum nostrum at voluptatem. Accusantium rerum in sed dolorem.', 3, '2023-03-02 03:58:56', '2023-03-02 03:58:56'),
(10, 13, 'Peyton Hammes', 'Consequuntur ad blanditiis quis quas et fuga. Corrupti omnis neque debitis et sint non repellendus. Necessitatibus officia ipsam facilis itaque distinctio minus.', 0, '2023-03-02 03:58:56', '2023-03-02 03:58:56'),
(11, 25, 'Zaria Pagac III', 'Sint recusandae sunt est id odit sint eos repellat. Ex vel sapiente assumenda quia. Saepe id in sint quo fugit. Aut consequuntur nisi minima error error.', 5, '2023-03-02 03:58:56', '2023-03-02 03:58:56'),
(12, 19, 'Lowell Harris', 'Occaecati saepe delectus rerum ducimus quas autem et. Nihil possimus fugit aliquid omnis cumque modi magnam. Ea minima minima deleniti voluptatum. Eius tempora eos magni neque error dolorem.', 3, '2023-03-02 03:58:56', '2023-03-02 03:58:56'),
(13, 40, 'Juvenal Leannon', 'Voluptatem tempora quibusdam et nihil voluptatem cupiditate dolorem. Id mollitia veniam corrupti quis quibusdam. Modi sit omnis corporis voluptatem sed libero ut dolor. Nihil repudiandae dolorem qui autem perferendis.', 1, '2023-03-02 03:58:56', '2023-03-02 03:58:56'),
(14, 32, 'Aracely Heidenreich', 'Similique vitae nam at quia. Quo officia officia dolorem. Vero modi sequi facere in. Consequuntur quia cupiditate temporibus aperiam porro.', 1, '2023-03-02 03:58:56', '2023-03-02 03:58:56'),
(15, 32, 'Colten VonRueden', 'Perspiciatis nemo ea libero. Et autem vel dolore asperiores sed. Perferendis ratione velit dolor dolores repudiandae. Molestiae et voluptatem fuga consequatur magni at.', 1, '2023-03-02 03:58:56', '2023-03-02 03:58:56'),
(16, 5, 'Justina Balistreri', 'Beatae laudantium quia tempore et est. Quos voluptatem placeat voluptatum voluptate quasi in autem. Ea ullam nihil et rerum qui.', 4, '2023-03-02 03:58:56', '2023-03-02 03:58:56'),
(17, 49, 'Mrs. Kirsten Dach PhD', 'Voluptas quidem sit omnis. Nostrum optio fugit asperiores voluptas dolorem vero. Et et qui odio voluptatum reiciendis minus et. Consectetur temporibus consequatur officiis ullam dolorum libero tempora. Quam in voluptatum excepturi amet eos voluptates.', 5, '2023-03-02 03:58:56', '2023-03-02 03:58:56'),
(18, 13, 'Mrs. Samantha Hand DVM', 'Labore sint vel quaerat. Ducimus molestiae asperiores ipsum enim autem. Iure optio autem maxime sequi suscipit. Qui perferendis sapiente in esse officia.', 1, '2023-03-02 03:58:56', '2023-03-02 03:58:56'),
(19, 48, 'Ms. Aaliyah Cronin', 'Deleniti ut tenetur illum aliquam natus et. Dolorem qui doloribus officia. Voluptatibus et iste quos iste voluptates tempore blanditiis.', 0, '2023-03-02 03:58:56', '2023-03-02 03:58:56'),
(20, 29, 'Kimberly Brown', 'Tenetur nihil est et est dolor. Similique consectetur occaecati expedita veritatis suscipit in sed qui. Tempore ducimus ut sapiente corporis quisquam necessitatibus deleniti. Dicta non sapiente numquam vel excepturi.', 2, '2023-03-02 03:58:56', '2023-03-02 03:58:56'),
(21, 42, 'Jefferey Schuster', 'Voluptas quas pariatur autem ducimus quis consequatur. Dolor vel officia sed quisquam. Perspiciatis dolorem aperiam temporibus voluptatem autem veniam.', 4, '2023-03-02 03:58:56', '2023-03-02 03:58:56'),
(22, 31, 'Prof. Ellie Bradtke MD', 'Nihil ut nisi impedit in quasi in rem. Quia minima ipsam eum maxime. Atque veritatis voluptatem ab id. Esse error sapiente libero qui autem quasi similique.', 1, '2023-03-02 03:58:56', '2023-03-02 03:58:56'),
(23, 45, 'Kathryne Mosciski', 'Consequatur beatae rerum praesentium consequatur accusamus dolorem. Et natus expedita aut sit aut. Id delectus quas provident ab ullam consectetur perferendis.', 4, '2023-03-02 03:58:56', '2023-03-02 03:58:56'),
(24, 10, 'Anika Lowe', 'Et aspernatur sint dignissimos laudantium. Enim nostrum qui itaque asperiores.', 4, '2023-03-02 03:58:56', '2023-03-02 03:58:56'),
(25, 41, 'Graciela Hand', 'Quis molestiae sit sapiente corrupti fuga. Eveniet illo et perferendis excepturi. Sit rem blanditiis voluptatem impedit. Harum molestiae voluptas nam occaecati ratione. Quibusdam et aut sunt.', 4, '2023-03-02 03:58:56', '2023-03-02 03:58:56'),
(26, 17, 'Dr. Lois Johnston', 'Quas et repellat unde pariatur. Mollitia pariatur fugit aperiam expedita quas recusandae alias. Eum dolore esse quo doloremque aut optio. Neque voluptas magni dignissimos consequuntur.', 5, '2023-03-02 03:58:56', '2023-03-02 03:58:56'),
(27, 33, 'Roxane Kirlin', 'Velit in non voluptatum voluptas minus harum quisquam. Qui voluptas velit dicta id aperiam sapiente suscipit.', 0, '2023-03-02 03:58:56', '2023-03-02 03:58:56'),
(28, 34, 'Burnice Franecki', 'Libero necessitatibus ratione architecto itaque dolores ut labore. Et odit dolore tempora quisquam voluptatum aut.', 3, '2023-03-02 03:58:56', '2023-03-02 03:58:56'),
(29, 39, 'Madie Yost', 'Distinctio et non neque. Dolores rerum perferendis consequatur ea officiis. Dolores quis veniam laborum quia. Nobis repellat ad at fuga qui.', 0, '2023-03-02 03:58:56', '2023-03-02 03:58:56'),
(30, 5, 'Willy Olson', 'Similique aut enim ut natus sapiente. Eum velit aut est consequatur. Aliquid temporibus voluptas voluptatibus nemo aut laborum. Et et molestiae cumque tempora. Voluptatibus sit ut odio voluptatem numquam ut.', 0, '2023-03-02 03:58:56', '2023-03-02 03:58:56'),
(31, 39, 'Adaline Labadie', 'Magni maiores iusto aut dolorem aut vel. Sit excepturi aut corporis odit porro provident et.', 0, '2023-03-02 03:58:56', '2023-03-02 03:58:56'),
(32, 13, 'Hadley Renner I', 'Ab nulla soluta qui sunt aperiam aliquid. Quo harum qui eos harum sint corrupti et laudantium. Fuga aperiam vero expedita nobis accusamus natus asperiores nisi. Maiores at error omnis architecto est et cupiditate.', 5, '2023-03-02 03:58:56', '2023-03-02 03:58:56'),
(33, 18, 'Norberto Hartmann', 'Veritatis sit sequi distinctio enim quis earum. Veniam ea cum similique animi dolores laudantium consequuntur et. Voluptatibus laudantium quos sit ullam.', 4, '2023-03-02 03:58:56', '2023-03-02 03:58:56'),
(34, 47, 'Prof. Gust Jacobi', 'At nihil aut est eligendi nemo earum provident porro. Velit culpa perspiciatis rem eaque hic. Voluptatibus est harum enim iste quod suscipit est qui.', 3, '2023-03-02 03:58:56', '2023-03-02 03:58:56'),
(35, 34, 'Dr. Easter Osinski DVM', 'Saepe ex ipsa cum recusandae omnis et. Ut voluptas laboriosam eos qui sunt et voluptatem.', 5, '2023-03-02 03:58:56', '2023-03-02 03:58:56'),
(36, 45, 'Veronica Stehr Jr.', 'Occaecati ipsam commodi non eos unde quidem dolorem. Et aliquam est fuga dicta. Vitae esse et quos vitae animi dolor odit architecto.', 4, '2023-03-02 03:58:56', '2023-03-02 03:58:56'),
(37, 5, 'Velda Stokes', 'Perspiciatis a non ut aut. Dignissimos perferendis modi eius. Repudiandae placeat ea mollitia.', 0, '2023-03-02 03:58:56', '2023-03-02 03:58:56'),
(38, 25, 'Zachery Ondricka II', 'Non ut suscipit distinctio et sint. Qui voluptates voluptates voluptatem suscipit enim minima. Error error aliquam molestiae ea at expedita. Et nihil sint eum magnam sint voluptatem.', 1, '2023-03-02 03:58:56', '2023-03-02 03:58:56'),
(39, 48, 'Macy Rath', 'Non explicabo voluptatem id nobis necessitatibus autem assumenda. Pariatur qui modi provident commodi fugit quasi. Doloremque deleniti magnam ut quasi et. Velit numquam dolores quibusdam corporis.', 3, '2023-03-02 03:58:56', '2023-03-02 03:58:56'),
(40, 7, 'Jana Cronin', 'Perferendis assumenda qui natus sit quia porro facere. Temporibus neque voluptatum molestiae rem. Delectus laboriosam quae quasi sapiente explicabo qui.', 0, '2023-03-02 03:58:56', '2023-03-02 03:58:56'),
(41, 29, 'Dr. Mariam Spinka', 'Et ipsam eos reprehenderit porro doloremque laudantium error. Molestiae accusamus et magni labore odit qui. Eum consequuntur ipsam voluptate ipsum asperiores omnis.', 2, '2023-03-02 03:58:56', '2023-03-02 03:58:56'),
(42, 19, 'Jordan Champlin DDS', 'Laboriosam non et tempora nisi eaque dolorem esse autem. Omnis quo atque ea consequatur ipsa delectus similique. Saepe recusandae molestias est inventore.', 2, '2023-03-02 03:58:56', '2023-03-02 03:58:56'),
(43, 14, 'Jana Becker', 'Optio possimus magnam non quibusdam aut. Error vero qui quia repellat harum placeat fugiat. Earum quis neque sequi tempore omnis cupiditate saepe. Alias dignissimos fuga sed.', 1, '2023-03-02 03:58:56', '2023-03-02 03:58:56'),
(44, 41, 'Kelly Corkery', 'Pariatur iusto incidunt adipisci quaerat tempora minus qui enim. Consequatur assumenda consectetur voluptatum provident sint. Atque fugit minima ullam. Nihil officiis minus maiores dolores et maiores tempora.', 0, '2023-03-02 03:58:56', '2023-03-02 03:58:56'),
(45, 27, 'Bridie Balistreri', 'Et autem iste fugit excepturi facere exercitationem. Minus nam dignissimos voluptate sint. Velit qui neque est reiciendis nihil. Et qui incidunt assumenda alias debitis aliquam voluptatem.', 1, '2023-03-02 03:58:56', '2023-03-02 03:58:56'),
(46, 34, 'Prof. Marley Boyle', 'Totam sed voluptatum iste commodi accusamus et. Et et molestiae aut dignissimos quod animi suscipit.', 1, '2023-03-02 03:58:56', '2023-03-02 03:58:56'),
(47, 44, 'Weston Schultz V', 'Id amet expedita nihil dicta non sunt. Voluptatum velit autem qui in. Impedit ducimus nihil eligendi ut quaerat qui.', 1, '2023-03-02 03:58:56', '2023-03-02 03:58:56'),
(48, 13, 'Mrs. Ottilie Legros', 'Cupiditate quo sit quis laudantium. Inventore ut laborum est aperiam quia. Sit incidunt aut quaerat veniam sapiente. Deserunt vel eos quisquam est voluptates.', 5, '2023-03-02 03:58:56', '2023-03-02 03:58:56'),
(49, 1, 'Prof. Jesus Flatley', 'Sed ut quo a quis. Placeat ipsum saepe ad dolor dolor non. Error quia at est enim. Animi maiores velit quis sequi.', 5, '2023-03-02 03:58:56', '2023-03-02 03:58:56'),
(50, 15, 'Willy Larson', 'Esse voluptates blanditiis sed tenetur. Error occaecati omnis vel rerum quidem sunt. Nulla debitis voluptates vel tempora fugiat dolorem dolores. Earum porro nemo non earum ad a perspiciatis.', 2, '2023-03-02 03:58:56', '2023-03-02 03:58:56'),
(51, 4, 'Prince Braun', 'Optio et consequuntur quia non eum et. Cum et odit et.', 4, '2023-03-02 03:58:56', '2023-03-02 03:58:56'),
(52, 31, 'Myra Lockman DVM', 'Mollitia non eos incidunt. Consequuntur ut est quas sint deleniti. Tempore rerum ab ad sit. Enim fuga dolor et eum sed.', 2, '2023-03-02 03:58:56', '2023-03-02 03:58:56'),
(53, 21, 'Maximillia Hegmann', 'Commodi et doloribus illo. Sequi minima qui est iusto et aut quidem. Voluptatem facilis qui blanditiis dolorum quis velit.', 2, '2023-03-02 03:58:56', '2023-03-02 03:58:56'),
(54, 41, 'Ms. Brittany Mitchell', 'Vel dolor et totam. Mollitia libero aliquid facere ea illo expedita. Sit odio aut et nulla omnis incidunt.', 5, '2023-03-02 03:58:56', '2023-03-02 03:58:56'),
(55, 32, 'Kimberly Marvin', 'Similique eaque distinctio facilis dolorum. Qui consequuntur atque dolorem nam aut in.', 3, '2023-03-02 03:58:56', '2023-03-02 03:58:56'),
(56, 31, 'Lloyd Bergstrom', 'Aut qui et delectus sed ipsa laboriosam quibusdam sed. Dolores velit perferendis adipisci voluptatum cumque neque quam. Expedita voluptates eos asperiores nobis nostrum laboriosam. Est dolorem ut vel in velit. At qui laboriosam veniam ut officiis voluptas.', 1, '2023-03-02 03:58:56', '2023-03-02 03:58:56'),
(57, 33, 'Collin Legros', 'Et sit ex officiis totam voluptas consequatur rerum. Quia et doloribus dolor. Veritatis eos est beatae ut sed. Sed aperiam enim dolorum a autem. Ut laborum qui earum quia sed laudantium et fuga.', 5, '2023-03-02 03:58:56', '2023-03-02 03:58:56'),
(58, 10, 'Morris Davis', 'Omnis aut ipsam facere assumenda asperiores culpa. Et dolores quam quidem doloribus doloribus facere fugit. Eos dolorem id sint minus nemo ea. Aliquid dolorem illo quia deserunt reiciendis porro et doloremque.', 3, '2023-03-02 03:58:56', '2023-03-02 03:58:56'),
(59, 18, 'Quinton McCullough', 'Placeat et odit ab voluptatem aut vero enim aut. Laudantium vel nihil quis illo et et excepturi. Sit sit accusamus ut delectus vel tempore est incidunt. Non atque blanditiis nam inventore suscipit praesentium sunt.', 3, '2023-03-02 03:58:56', '2023-03-02 03:58:56'),
(60, 32, 'Mina O\'Reilly', 'Harum quae nihil est et odit nisi. Aut saepe et dolorum. Nemo nemo officiis sit quos aut velit architecto. Eos minima facilis vitae at aliquam voluptatum et.', 2, '2023-03-02 03:58:56', '2023-03-02 03:58:56'),
(61, 20, 'Noel Denesik', 'Laudantium quae libero voluptas. Quaerat omnis dicta inventore doloremque. Dolores aperiam quas maxime voluptatibus voluptas numquam sit. Totam temporibus voluptates facere et perspiciatis nobis.', 0, '2023-03-02 03:58:56', '2023-03-02 03:58:56'),
(62, 30, 'Prof. Gay Jaskolski DDS', 'Culpa labore consequatur ullam quae qui quos unde. Nobis omnis consectetur odio sapiente. Voluptatem dolor error suscipit nobis sed esse dolores a.', 0, '2023-03-02 03:58:56', '2023-03-02 03:58:56'),
(63, 18, 'Dr. Hudson Nikolaus', 'Adipisci recusandae non nesciunt. Esse commodi eos sit est corporis molestiae a. Eum magnam quia laboriosam esse consequatur laborum. Totam porro sit ipsum.', 5, '2023-03-02 03:58:56', '2023-03-02 03:58:56'),
(64, 47, 'Hassie Ankunding II', 'Similique atque magni a et. Corrupti dolorem non ipsam quibusdam dolor ex ipsam. Occaecati assumenda dolor et commodi.', 5, '2023-03-02 03:58:56', '2023-03-02 03:58:56'),
(65, 34, 'Prof. Roy Gutkowski Sr.', 'Vel repellat voluptate suscipit. Iure molestias consequuntur asperiores.', 2, '2023-03-02 03:58:56', '2023-03-02 03:58:56'),
(66, 34, 'Matt Haag', 'Officia vero nemo dolore. Nam fugiat in voluptatibus nihil quidem blanditiis quam. Asperiores consequuntur odit sit est. Soluta distinctio qui aspernatur dolore nihil rerum.', 4, '2023-03-02 03:58:56', '2023-03-02 03:58:56'),
(67, 49, 'Flavio Swaniawski', 'Nostrum vel libero impedit sapiente. Omnis assumenda quia sit aperiam voluptatem. Nihil natus sit in vel necessitatibus debitis. Eveniet dolorem nihil autem et.', 2, '2023-03-02 03:58:56', '2023-03-02 03:58:56'),
(68, 7, 'Wilhelm Lubowitz', 'Fugiat autem nostrum est dolor perspiciatis explicabo nulla. Odio quis nulla soluta officiis soluta perferendis est.', 2, '2023-03-02 03:58:56', '2023-03-02 03:58:56'),
(69, 30, 'Luigi Reichert', 'Quia qui iste voluptatem nulla voluptas. Cum est ut dolor. Assumenda aliquam eos mollitia error. Officia omnis sit quidem fugiat unde voluptatem officia.', 3, '2023-03-02 03:58:56', '2023-03-02 03:58:56'),
(70, 15, 'Miss Candace Baumbach I', 'Quod dolores qui nihil recusandae velit nemo. Consectetur ad sunt quo molestiae. Autem ratione corporis quia aliquid reiciendis.', 1, '2023-03-02 03:58:56', '2023-03-02 03:58:56'),
(71, 1, 'Karina Bernhard', 'Dicta eligendi officiis doloribus odio quasi dolore. Sit quasi necessitatibus harum cumque minima distinctio consequatur. Voluptatum voluptas quasi et ut qui.', 4, '2023-03-02 03:58:56', '2023-03-02 03:58:56'),
(72, 50, 'Darren Bashirian', 'Dolorem dolor et quis fugiat et quia quia doloremque. Qui quae eveniet suscipit repudiandae placeat voluptatem est expedita. Enim aut placeat suscipit aut iste.', 1, '2023-03-02 03:58:56', '2023-03-02 03:58:56'),
(73, 20, 'Casper Romaguera', 'Quis quis sapiente laudantium et et sequi. At accusamus a optio atque voluptas odio. In dolorem ab quas a nihil quibusdam. Aut dolor sed laudantium provident in non.', 2, '2023-03-02 03:58:56', '2023-03-02 03:58:56'),
(74, 6, 'Favian Christiansen', 'Nostrum minus libero ut impedit sed debitis exercitationem. Fugiat vel sed quam quo. Quaerat iste fugiat ea eum labore dolorem. Ut ipsa aut beatae.', 3, '2023-03-02 03:58:56', '2023-03-02 03:58:56'),
(75, 5, 'Zachariah Kihn', 'Labore consequuntur rerum ducimus quisquam porro aut dolorum. Rerum corporis sit mollitia iure est. Ut tempora iure eum aut consequatur praesentium corrupti.', 4, '2023-03-02 03:58:56', '2023-03-02 03:58:56'),
(76, 15, 'Fay Christiansen', 'Ipsa ea nihil vitae perspiciatis animi accusantium est hic. Quis nisi maxime qui molestias vitae. Voluptates delectus vero est sed et omnis.', 0, '2023-03-02 03:58:56', '2023-03-02 03:58:56'),
(77, 41, 'Buford Green', 'Consequatur ipsa sint dolore inventore sit. Distinctio dolor et voluptatum ut.', 5, '2023-03-02 03:58:56', '2023-03-02 03:58:56'),
(78, 12, 'Dr. Kirsten Green DDS', 'Neque voluptatibus temporibus at quisquam quo. Fuga molestias placeat sed molestiae. Dolor et minima eos quia aut.', 1, '2023-03-02 03:58:56', '2023-03-02 03:58:56'),
(79, 22, 'Mrs. Elza Predovic PhD', 'Qui adipisci ipsam ipsam. Hic vel tenetur occaecati occaecati. Sed ut quaerat omnis quo. Voluptatem id libero ut corporis incidunt necessitatibus et corporis.', 0, '2023-03-02 03:58:56', '2023-03-02 03:58:56'),
(80, 23, 'Edythe Cronin', 'Ut doloremque iusto eos corporis excepturi. Quos excepturi eum itaque sunt enim id ut. Et veritatis neque dolorem ipsam ducimus nulla. Quae voluptatem fuga quisquam.', 4, '2023-03-02 03:58:56', '2023-03-02 03:58:56'),
(81, 46, 'Dr. Giovanny Schmeler', 'Aspernatur tempora doloribus omnis repellendus laborum. Aut et quas sit. Culpa iusto consequuntur quam qui.', 3, '2023-03-02 03:58:56', '2023-03-02 03:58:56'),
(82, 2, 'Heber Friesen', 'Et voluptatem dolorum modi culpa. Aut officia est magni alias iure. Fugiat exercitationem molestiae doloremque id eum sequi. Quis maxime aut omnis ex odio tempora. Dolores placeat enim nisi eos aut.', 4, '2023-03-02 03:58:56', '2023-03-02 03:58:56'),
(83, 38, 'Dr. Colt Grimes IV', 'Ut natus voluptates sit. Quidem placeat omnis nostrum nihil modi expedita. Aut sit vero cumque autem temporibus. Eveniet voluptate provident nulla aspernatur in repellat est.', 2, '2023-03-02 03:58:56', '2023-03-02 03:58:56'),
(84, 38, 'Dr. Kayla Quigley DVM', 'Vitae eum et nostrum id veniam. Officiis qui autem tempora aliquam fugit sapiente totam. Asperiores officiis animi error iusto molestias ad. Quas doloribus et aut sequi rerum ut.', 4, '2023-03-02 03:58:56', '2023-03-02 03:58:56'),
(85, 11, 'Stacy Murphy', 'Eligendi odit tempore non omnis autem et. Et sint molestiae doloribus rerum veritatis blanditiis saepe. Tempore iusto ea consectetur et illo dolores natus quas.', 3, '2023-03-02 03:58:56', '2023-03-02 03:58:56'),
(86, 25, 'Johnathon Stanton', 'Voluptatibus et saepe necessitatibus voluptas ullam maiores rerum. Ipsum quam nihil architecto id. Aut odit minima magni quisquam. Neque voluptas magnam iusto aliquid aut.', 0, '2023-03-02 03:58:56', '2023-03-02 03:58:56'),
(87, 20, 'Melany Mraz', 'Quia tempora dicta sint sit quos. Nesciunt iure hic doloremque. Sunt quod maiores aut fugiat necessitatibus accusamus voluptatem voluptas. Nisi corrupti aut quis fuga ducimus optio.', 1, '2023-03-02 03:58:56', '2023-03-02 03:58:56'),
(88, 30, 'Prof. Darron Kunze DVM', 'Maxime consequuntur dolor similique nostrum ea occaecati. Sed et rerum eaque odit voluptatem suscipit. Omnis officiis dolore consequatur odit tempora occaecati deserunt unde. In voluptatem inventore quam dolorem.', 5, '2023-03-02 03:58:56', '2023-03-02 03:58:56'),
(89, 22, 'Buford Schumm', 'Amet aut sit libero. Beatae voluptatibus error et deleniti soluta ut pariatur nihil. Voluptatibus qui a excepturi quo qui minus. Eligendi ut fuga ut placeat ab quaerat sapiente tenetur.', 0, '2023-03-02 03:58:56', '2023-03-02 03:58:56'),
(90, 24, 'Fredrick Bauch', 'Eveniet architecto ipsam quia sequi voluptate laudantium. Eligendi quis officia unde quia. Laborum exercitationem quis minima. Vero ut et sed asperiores eaque.', 5, '2023-03-02 03:58:56', '2023-03-02 03:58:56'),
(91, 6, 'Melba Hyatt', 'Molestiae officia iste aut animi. Id similique optio in modi. Ipsa enim excepturi consequatur aut. Beatae sint dolore ut consequatur repudiandae.', 1, '2023-03-02 03:58:56', '2023-03-02 03:58:56'),
(92, 27, 'Lisandro Williamson', 'Omnis tempore vel dolor et omnis voluptatibus et tempore. Omnis error voluptas voluptatem modi enim. Quo rerum velit in.', 1, '2023-03-02 03:58:56', '2023-03-02 03:58:56'),
(93, 41, 'Dewitt Kemmer', 'Soluta aperiam tempore perspiciatis cum. Placeat autem quo consequuntur. Magnam aperiam voluptate aut ea.', 4, '2023-03-02 03:58:56', '2023-03-02 03:58:56'),
(94, 34, 'Randi Tremblay', 'Saepe ipsam praesentium nihil molestiae qui. Cumque consequatur eligendi dolorum iusto quos. Dolores pariatur dolor laudantium est odio.', 2, '2023-03-02 03:58:56', '2023-03-02 03:58:56'),
(95, 17, 'Breanna Johnson', 'Dignissimos deserunt quis non dolores vel. Ipsa fugit non fugiat dolorum dolorem. Pariatur voluptas et iure voluptas optio.', 1, '2023-03-02 03:58:56', '2023-03-02 03:58:56'),
(96, 29, 'Fidel Kuvalis', 'Est necessitatibus et quibusdam rerum. Numquam totam ipsa voluptatibus perferendis ipsam id autem. Quisquam dolorem mollitia quis doloribus. In excepturi dolorem occaecati doloremque a itaque eveniet.', 0, '2023-03-02 03:58:56', '2023-03-02 03:58:56'),
(97, 3, 'Maymie Gottlieb', 'Eos porro dolores laboriosam et qui autem nostrum. Quaerat dolores animi reiciendis. Assumenda recusandae pariatur quasi ut est. Omnis doloremque est quaerat dolorem a et.', 1, '2023-03-02 03:58:56', '2023-03-02 03:58:56'),
(98, 40, 'Dr. Dana Lubowitz', 'Maiores illo et itaque laborum assumenda. Voluptatibus esse sed molestiae minus autem iure. Consectetur nam id enim facere atque deleniti.', 2, '2023-03-02 03:58:56', '2023-03-02 03:58:56'),
(99, 40, 'Daniela Graham', 'Impedit dolorum quod qui optio nulla et. Non ducimus neque qui molestiae cum dolores. Nostrum cumque occaecati vitae numquam aut quia beatae. Repellat ducimus quibusdam saepe nobis perferendis delectus.', 4, '2023-03-02 03:58:56', '2023-03-02 03:58:56'),
(100, 31, 'Christian Cremin', 'Facilis quia in dolores qui optio ut nam. Nemo non ullam harum enim porro voluptate dicta. Consequatur iusto ab deserunt. Omnis ex itaque assumenda.', 0, '2023-03-02 03:58:56', '2023-03-02 03:58:56'),
(101, 7, 'Niko Wisozk', 'Fugiat perspiciatis voluptas est. Architecto ut eaque provident vel. Adipisci expedita sed eos quo. Adipisci quas esse aliquam eos.', 2, '2023-03-02 03:58:56', '2023-03-02 03:58:56'),
(102, 10, 'Mr. Richie Dach II', 'Natus magni et illum laudantium ut. Rem laudantium repellat quis. Eos sequi quaerat similique qui itaque nam ab. Et quis quaerat est illo et.', 0, '2023-03-02 03:58:56', '2023-03-02 03:58:56'),
(103, 30, 'Billy McGlynn', 'Tempora sunt exercitationem aut iste. Libero at blanditiis illum dicta. Assumenda libero delectus dolorum et. Ad voluptatum maxime aut quia. Dignissimos tempora tenetur expedita et ad.', 2, '2023-03-02 03:58:56', '2023-03-02 03:58:56'),
(104, 15, 'Miss Blanca Macejkovic DVM', 'Nulla maiores autem ratione esse ut quos qui rerum. Id non et quis nihil.', 5, '2023-03-02 03:58:56', '2023-03-02 03:58:56'),
(105, 8, 'Prof. Casimer Labadie', 'Et dolor voluptatem minima eligendi voluptatem vel. Unde rerum ea nulla quos neque. Aut consequatur id nam occaecati sit repellat vero. Repudiandae veniam iste sit rerum autem.', 0, '2023-03-02 03:58:56', '2023-03-02 03:58:56'),
(106, 48, 'Miss Rubye Botsford I', 'Qui odit exercitationem consequatur consequatur. Et tempore aut eos ut id illum sed. Expedita aut totam quia nobis. Consectetur alias possimus tempore et.', 5, '2023-03-02 03:58:56', '2023-03-02 03:58:56'),
(107, 1, 'Dr. Reba Kuvalis DVM', 'Similique quos culpa mollitia iste sint ipsam officia. Quaerat consequuntur doloribus molestiae aut. Et et dolores eum a laborum et assumenda quisquam. Velit saepe neque modi voluptate.', 0, '2023-03-02 03:58:56', '2023-03-02 03:58:56'),
(108, 34, 'Dr. Vincenza Bins', 'Dolorem consequatur et nemo accusantium exercitationem deleniti. Quia sunt commodi facilis nam sit molestiae. Nobis minima delectus explicabo non nihil. Eum perferendis nihil non accusantium.', 3, '2023-03-02 03:58:56', '2023-03-02 03:58:56'),
(109, 50, 'Mrs. Muriel Lynch', 'Sunt dignissimos voluptatem quia nostrum. Quos quo quibusdam voluptate molestias placeat praesentium fugiat. Non consectetur provident eos commodi commodi. Blanditiis iusto odio asperiores esse esse quis.', 4, '2023-03-02 03:58:56', '2023-03-02 03:58:56'),
(110, 37, 'Domenica Murphy', 'Similique deleniti occaecati odio et ut expedita ut nesciunt. Aliquid dolorem ut vel iste itaque. Saepe neque id sint necessitatibus earum. Doloremque aut quo ut sed porro voluptatem nihil.', 5, '2023-03-02 03:58:56', '2023-03-02 03:58:56'),
(111, 11, 'Prof. Frederik Dietrich I', 'Et ea ut unde blanditiis quia at qui. Unde vitae et culpa laudantium aut autem. Possimus odit dolore vero cupiditate.', 4, '2023-03-02 03:58:56', '2023-03-02 03:58:56'),
(112, 17, 'Orlando Stracke DDS', 'Et illo suscipit velit officia nam ab minima. Cupiditate dolorum asperiores similique corporis ducimus suscipit. Ut sed esse dolores laborum ad qui. Ut rem amet quam totam necessitatibus.', 3, '2023-03-02 03:58:56', '2023-03-02 03:58:56'),
(113, 27, 'Eunice Jacobi', 'Laudantium blanditiis omnis hic recusandae ducimus cumque. Recusandae vel enim aliquid laudantium. Inventore sunt qui dolor iusto quia sed. Laudantium at et sapiente incidunt est.', 4, '2023-03-02 03:58:56', '2023-03-02 03:58:56'),
(114, 40, 'Dr. Cooper Bogan', 'Illum totam laborum libero veniam dolore ut quis. Qui pariatur eaque ullam asperiores saepe voluptas. Officia incidunt occaecati tempore consequatur velit. Earum voluptatem adipisci officiis nobis rerum velit.', 1, '2023-03-02 03:58:56', '2023-03-02 03:58:56'),
(115, 5, 'Mable Wisoky', 'Fugiat fuga minus maxime quam. Consectetur deleniti ipsam quis inventore quibusdam aut. Accusamus aut placeat magnam nihil laborum dolorum.', 1, '2023-03-02 03:58:56', '2023-03-02 03:58:56'),
(116, 25, 'Julio Feil DDS', 'Animi nihil sit explicabo molestiae quis distinctio. Assumenda voluptas alias quasi non pariatur quibusdam. Quo molestiae beatae consequatur. Dolores id quia ipsam incidunt praesentium non omnis. Quod aut culpa atque corrupti eius placeat.', 5, '2023-03-02 03:58:56', '2023-03-02 03:58:56'),
(117, 36, 'Roxanne Johnson', 'Omnis delectus eveniet neque blanditiis explicabo et eaque. Rerum quidem soluta qui maiores ut velit minima. Sint eaque soluta neque repellat nihil et id cum. Molestiae doloribus sed esse.', 5, '2023-03-02 03:58:56', '2023-03-02 03:58:56'),
(118, 24, 'Prof. Shana Kuhn', 'A voluptas quam velit eveniet qui. Temporibus asperiores consectetur sequi optio consequuntur. Et inventore qui ea odit cupiditate dolorem omnis.', 3, '2023-03-02 03:58:56', '2023-03-02 03:58:56'),
(119, 12, 'Garrick Mueller', 'Et dignissimos pariatur tenetur corrupti. Ipsam velit ut qui. Optio voluptas rerum sit dicta doloremque dignissimos perferendis. Dolores culpa beatae mollitia occaecati.', 2, '2023-03-02 03:58:56', '2023-03-02 03:58:56'),
(120, 27, 'Mr. Flavio Windler II', 'Reiciendis exercitationem tempore ut. In minus autem sint ducimus consectetur quis quod. Deserunt non voluptatum assumenda quis consequuntur. Incidunt doloremque ea enim nostrum ut dolorem aut.', 0, '2023-03-02 03:58:56', '2023-03-02 03:58:56'),
(121, 24, 'Dr. Dustin Price', 'Iste magni sit vitae aut. Iste in minima voluptas amet.', 3, '2023-03-02 03:58:56', '2023-03-02 03:58:56'),
(122, 33, 'Angel Mueller', 'Et ullam minus eos consequatur praesentium eligendi porro. Sit voluptatem harum sint. Cupiditate est minima fugiat praesentium voluptas odit nihil quas. Et eum in unde adipisci et recusandae iusto.', 1, '2023-03-02 03:58:56', '2023-03-02 03:58:56'),
(123, 11, 'Mr. Roel Gottlieb DVM', 'Omnis qui deleniti voluptas rem qui eum. Possimus non ullam eligendi consequuntur a. Nesciunt quia est distinctio esse. Accusantium enim nihil error.', 0, '2023-03-02 03:58:56', '2023-03-02 03:58:56'),
(124, 13, 'Blaze Hayes V', 'Ipsum saepe est cupiditate quaerat atque vel. Voluptate architecto libero modi aut. Esse sapiente voluptas mollitia voluptatem rerum et voluptas.', 0, '2023-03-02 03:58:57', '2023-03-02 03:58:57'),
(125, 48, 'Mr. Francesco Metz Sr.', 'Rerum doloribus odio perferendis reiciendis. Porro ex eius nihil. Quibusdam velit officiis quas ut qui. Ut ratione est quo. Qui fuga quod magni sunt minus.', 5, '2023-03-02 03:58:57', '2023-03-02 03:58:57'),
(126, 16, 'Kiley Fisher IV', 'Dolorem optio enim minus et impedit. Quo libero qui nobis et voluptatum eos voluptatem. Quisquam sit beatae occaecati.', 2, '2023-03-02 03:58:57', '2023-03-02 03:58:57'),
(127, 48, 'Amiya Hintz', 'Repellendus quaerat dolor odit officiis molestiae. Non a voluptatem illum id nisi repellat porro nisi. Et consequuntur ea dolorem itaque perferendis quia voluptas suscipit.', 4, '2023-03-02 03:58:57', '2023-03-02 03:58:57'),
(128, 23, 'Karli Lockman I', 'Repudiandae incidunt sunt architecto optio eveniet sed. In ducimus alias animi enim quia. Omnis ex cumque excepturi consequatur distinctio consequatur quo dolore. Sed laudantium ea consectetur maiores quibusdam sed.', 3, '2023-03-02 03:58:57', '2023-03-02 03:58:57'),
(129, 25, 'Myrtle White', 'At velit tenetur molestiae tenetur et. Autem sit qui nihil officiis voluptas. Et iste consectetur ex nihil non mollitia. Delectus saepe dolore maiores illum.', 5, '2023-03-02 03:58:57', '2023-03-02 03:58:57'),
(130, 5, 'Wellington Bernier', 'Ullam qui in culpa sunt aut vitae. Et ut ratione aliquam quae voluptas. Quia qui sunt recusandae id quo voluptatem est. Perspiciatis non est quod ratione iure odit cupiditate.', 5, '2023-03-02 03:58:57', '2023-03-02 03:58:57'),
(131, 44, 'Dasia Gutmann', 'Libero quam non autem. Sit qui repellat dolores quod nam earum quia. Aut et deserunt fugiat ut eum. Consequuntur quia sed quae eum tempore.', 4, '2023-03-02 03:58:57', '2023-03-02 03:58:57'),
(132, 25, 'Walker Kuvalis', 'Aliquid amet voluptate ut porro quia. Velit officiis esse est voluptas deleniti quasi vero omnis. Alias velit numquam voluptas ut ut quo.', 0, '2023-03-02 03:58:57', '2023-03-02 03:58:57'),
(133, 40, 'Ms. Baby Mante', 'Vel neque incidunt qui consequuntur illum. Maiores iure qui odit libero. Placeat minima et et adipisci alias quis enim.', 3, '2023-03-02 03:58:57', '2023-03-02 03:58:57'),
(134, 17, 'Lonnie Schulist MD', 'Inventore est quam non ut perferendis commodi. Omnis voluptates qui et aut praesentium sed est. Debitis animi velit consequatur necessitatibus est est.', 1, '2023-03-02 03:58:57', '2023-03-02 03:58:57'),
(135, 21, 'Hilario McKenzie DDS', 'Aut mollitia totam ut quia non. Vel fuga magnam qui ut iusto.', 3, '2023-03-02 03:58:57', '2023-03-02 03:58:57'),
(136, 38, 'Alessandro Bahringer', 'Sunt id molestias id qui velit rerum. Quis qui cupiditate vel quasi. Voluptatem et vero velit eligendi beatae sint vitae.', 1, '2023-03-02 03:58:57', '2023-03-02 03:58:57'),
(137, 27, 'Stan Boyer', 'Quibusdam error fugit sit harum debitis rerum. Nostrum aut nesciunt fugit occaecati non. Itaque enim non quasi ea.', 1, '2023-03-02 03:58:57', '2023-03-02 03:58:57'),
(138, 34, 'Jedediah Schmeler', 'Et atque nihil commodi est ipsum alias blanditiis. Deserunt non minus sapiente deleniti perspiciatis quia ea. Explicabo veritatis dicta et dolorem. Magnam et molestiae eius ipsa architecto accusamus consequatur dolorum.', 1, '2023-03-02 03:58:57', '2023-03-02 03:58:57'),
(139, 22, 'Cade Schinner', 'Error quae praesentium aut quisquam molestiae est. Maxime rerum eveniet rerum. Et voluptates incidunt id quod numquam ea mollitia. Non vitae voluptatem aut iusto. Et dolore tempore dolores corrupti.', 4, '2023-03-02 03:58:57', '2023-03-02 03:58:57'),
(140, 30, 'Michael Botsford', 'Esse perferendis tenetur neque. Modi illum eius quia vel voluptatem non cum. Sit id fugit error aperiam ex. Qui nesciunt mollitia deserunt molestias harum.', 0, '2023-03-02 03:58:57', '2023-03-02 03:58:57'),
(141, 46, 'Ms. Addison Jast', 'Incidunt quas ad hic error expedita. Consequatur dolorem pariatur placeat illum sed harum.', 1, '2023-03-02 03:58:57', '2023-03-02 03:58:57'),
(142, 21, 'Mrs. Minerva Ullrich', 'Vitae voluptatem facilis dolore qui esse quia. A excepturi voluptatem quos voluptatum. Pariatur laborum dolores sunt commodi. Tempora est eos quia minus.', 5, '2023-03-02 03:58:57', '2023-03-02 03:58:57'),
(143, 17, 'Melisa Harvey PhD', 'Eaque doloribus recusandae dolorem. Dolorem dolore sed in fugiat nesciunt magnam. Dolor explicabo quis consequatur corrupti labore. Aliquam molestiae dolores magni harum eligendi laboriosam quod iste.', 1, '2023-03-02 03:58:57', '2023-03-02 03:58:57'),
(144, 49, 'Jedediah Halvorson Sr.', 'Quas consequatur consequatur earum hic. Delectus quisquam eaque excepturi similique molestiae dolorum. Ut eum sed omnis voluptatem pariatur. Aliquid quas sit quasi aut voluptates repellat laudantium quo.', 4, '2023-03-02 03:58:57', '2023-03-02 03:58:57'),
(145, 28, 'Lesly Jenkins', 'Autem dolores aut doloremque officia sunt. Aliquam repellat architecto eius facere. Dolores dolore nobis saepe et laboriosam aut.', 3, '2023-03-02 03:58:57', '2023-03-02 03:58:57'),
(146, 31, 'Ms. Tanya Terry II', 'Consequuntur et voluptatem quaerat quibusdam molestiae adipisci. Ipsam magnam fuga placeat laboriosam aut exercitationem. Quae sed sed tempora provident totam provident ut. Nemo rem tempora recusandae eos unde labore.', 4, '2023-03-02 03:58:57', '2023-03-02 03:58:57'),
(147, 32, 'Francisco Dooley', 'Doloremque illo id cupiditate sunt qui iusto. Harum exercitationem et enim amet voluptate. Corporis beatae saepe repellendus et ut est.', 5, '2023-03-02 03:58:57', '2023-03-02 03:58:57'),
(148, 21, 'Prof. Vance Collier III', 'Nostrum earum aliquid autem eveniet quo sequi. Ut et libero aperiam aut occaecati inventore excepturi. Quo nobis repudiandae nihil vel.', 1, '2023-03-02 03:58:57', '2023-03-02 03:58:57'),
(149, 26, 'Dr. Kailey O\'Conner', 'Unde perferendis neque id illo. In molestiae ut sit architecto amet perferendis rem.', 5, '2023-03-02 03:58:57', '2023-03-02 03:58:57'),
(150, 10, 'Katlyn Gottlieb', 'In eum recusandae libero exercitationem esse. In commodi id commodi illum non a.', 3, '2023-03-02 03:58:57', '2023-03-02 03:58:57'),
(151, 23, 'Deron Hudson', 'Consequatur non eveniet ut cumque. Odit et voluptatibus ut incidunt. Velit qui et dolor ut quod cumque tenetur. Quam aperiam est repellat sequi.', 1, '2023-03-02 03:58:57', '2023-03-02 03:58:57'),
(152, 12, 'Kameron Nader', 'Consequatur odio est quisquam est quasi laborum rem. Et culpa cum deserunt qui autem est delectus.', 1, '2023-03-02 03:58:57', '2023-03-02 03:58:57'),
(153, 25, 'Dr. Emelie Maggio', 'Debitis quia magnam dolores omnis unde aut accusamus. Voluptas iste dicta ab dolorum soluta molestias necessitatibus distinctio. Voluptates fuga dolore repellat.', 3, '2023-03-02 03:58:57', '2023-03-02 03:58:57'),
(154, 34, 'Dr. Mariam Altenwerth DDS', 'Et enim autem et esse officia maxime eum. Voluptate eveniet recusandae et et perspiciatis culpa quo pariatur. Sunt quis commodi et consequatur. Quo laudantium mollitia non quaerat adipisci sequi.', 1, '2023-03-02 03:58:57', '2023-03-02 03:58:57'),
(155, 38, 'Prof. William Weber', 'Reprehenderit sint porro voluptates voluptates eum. Et possimus sed corporis excepturi perspiciatis sit asperiores. Sint ut rem reiciendis voluptates.', 1, '2023-03-02 03:58:57', '2023-03-02 03:58:57'),
(156, 3, 'Kevin Koch', 'Dolorem quis a officia officiis. Reiciendis sunt hic aut dicta aut. Tempora ut at unde est nulla esse doloremque.', 5, '2023-03-02 03:58:57', '2023-03-02 03:58:57'),
(157, 28, 'Dorthy Grimes PhD', 'Ut qui quibusdam reprehenderit praesentium exercitationem. Dolore tempora facilis nisi quo aspernatur. Ullam eaque id beatae explicabo. Voluptas ex nesciunt accusamus numquam et nemo. Accusantium repudiandae dolorem aut ut molestiae nobis.', 3, '2023-03-02 03:58:57', '2023-03-02 03:58:57'),
(158, 4, 'Wilber Luettgen', 'Ipsa et dolore veritatis consequuntur repellendus porro aut. Quisquam esse molestiae provident. Beatae aperiam cupiditate ullam consequatur rerum. Earum ipsum voluptatem eaque perspiciatis quae. Id qui quidem tenetur ut nisi soluta aut.', 1, '2023-03-02 03:58:57', '2023-03-02 03:58:57'),
(159, 48, 'Shyanne Upton', 'Blanditiis enim sint dolorum vitae sint necessitatibus. Ea exercitationem omnis sed quibusdam. Qui explicabo distinctio sit doloremque quia ea quasi. Nihil pariatur dolore harum totam.', 0, '2023-03-02 03:58:57', '2023-03-02 03:58:57'),
(160, 3, 'Akeem Nolan', 'Explicabo qui dolorem omnis quia ut dolores vitae. Veniam qui velit unde cum. Tempora eaque impedit sunt inventore aliquid ea est non.', 1, '2023-03-02 03:58:57', '2023-03-02 03:58:57'),
(161, 50, 'Norene Lemke', 'Totam itaque rerum et sunt. Amet maiores accusantium est ullam mollitia ex. Voluptatem voluptatem labore vel atque alias cum.', 1, '2023-03-02 03:58:57', '2023-03-02 03:58:57'),
(162, 11, 'Nicholas Mosciski', 'Repellat odit accusantium recusandae quo. Rerum sint eum voluptatem quis optio ut et.', 0, '2023-03-02 03:58:57', '2023-03-02 03:58:57'),
(163, 38, 'Marjorie Donnelly', 'Minima excepturi ratione dolor. Quia nulla earum deserunt alias. Debitis non et doloribus quos. Est minima molestiae qui unde. Id officiis eum cupiditate voluptates quidem tenetur magni.', 4, '2023-03-02 03:58:57', '2023-03-02 03:58:57'),
(164, 12, 'Larue Schoen', 'Vel modi ad rerum aperiam aut non adipisci. Odit ratione quia quas at dolorum. Dolorem sint non in explicabo possimus.', 1, '2023-03-02 03:58:57', '2023-03-02 03:58:57'),
(165, 41, 'Dameon Kulas', 'Minima a nobis itaque tempora est quibusdam id. Eos asperiores placeat illum vel neque libero quasi explicabo. Est est veniam nobis cum est quo cupiditate. Laborum ipsa officia ea voluptatem.', 0, '2023-03-02 03:58:57', '2023-03-02 03:58:57'),
(166, 19, 'Mara Boehm', 'Deserunt rerum earum nostrum neque sequi et. Optio beatae enim et eos fuga aliquid. Porro vitae repellat ea aliquid deserunt eaque. Nihil aut occaecati officia dolorem eum sapiente qui. Dolorem neque sit esse quos vel non itaque.', 3, '2023-03-02 03:58:57', '2023-03-02 03:58:57'),
(167, 50, 'Dr. Ola Haag DVM', 'Quia illo neque expedita eius sed dolorem et commodi. Sequi beatae voluptatem maiores quibusdam accusantium odio sapiente nam. Et molestiae magni ipsum est voluptatibus illum. In similique explicabo aspernatur et cum perferendis nemo.', 0, '2023-03-02 03:58:57', '2023-03-02 03:58:57'),
(168, 22, 'Madie Osinski', 'Eaque corporis debitis est deleniti ducimus et. Magnam perferendis inventore error dolor aliquam voluptatum. Laudantium hic vel dolores maxime. Natus in quo neque ut ad.', 1, '2023-03-02 03:58:57', '2023-03-02 03:58:57'),
(169, 29, 'Isadore Rempel MD', 'A et maiores et. Et modi vitae ut ducimus fugit. Voluptas exercitationem dolores voluptas et fugiat officiis. Quidem ea commodi inventore dicta aut dignissimos.', 2, '2023-03-02 03:58:57', '2023-03-02 03:58:57'),
(170, 38, 'Euna Dare', 'Inventore voluptas velit officiis reprehenderit. Et qui qui asperiores qui nobis consequatur dolorem. Aliquam iusto repudiandae alias quia asperiores omnis.', 1, '2023-03-02 03:58:57', '2023-03-02 03:58:57'),
(171, 12, 'Anthony Cummings', 'Tempore numquam autem aliquid nobis. Nisi blanditiis laborum quis provident. Iure itaque rerum quae vitae.', 2, '2023-03-02 03:58:57', '2023-03-02 03:58:57'),
(172, 49, 'Otilia Muller', 'Facilis amet nisi blanditiis ut sed facere rerum error. Voluptatem illo quia temporibus nostrum. Necessitatibus velit necessitatibus nisi aut ipsum molestiae. Molestias quaerat tempora eligendi libero esse.', 2, '2023-03-02 03:58:57', '2023-03-02 03:58:57'),
(173, 19, 'Katarina Bayer', 'Vel aut occaecati ea in sunt dolorem natus. Quia suscipit omnis nam iure. Consequuntur fuga et omnis veritatis cumque consequatur. Perferendis molestiae suscipit et omnis nihil enim.', 0, '2023-03-02 03:58:57', '2023-03-02 03:58:57'),
(174, 8, 'Lori Breitenberg', 'Qui impedit ut incidunt quia autem modi ea. Aliquam molestiae illum sit et ipsa ad facere. Sit quidem aliquid quia voluptate est vero aut. Quia et enim soluta quia.', 2, '2023-03-02 03:58:57', '2023-03-02 03:58:57'),
(175, 37, 'Dr. Pedro Wunsch', 'Omnis eligendi nesciunt inventore. Corrupti vel dolor nihil fugit alias qui. Necessitatibus qui fugiat molestiae minus. Error pariatur sint incidunt.', 2, '2023-03-02 03:58:57', '2023-03-02 03:58:57'),
(176, 3, 'Ms. Abbigail Champlin DVM', 'Doloremque veniam repudiandae qui omnis sit. Ipsa inventore totam voluptatem veritatis. Ipsam enim incidunt et quasi vitae placeat atque. Facilis molestias sunt distinctio a.', 3, '2023-03-02 03:58:57', '2023-03-02 03:58:57'),
(177, 23, 'Aracely Roberts', 'Aut non voluptatem aut aspernatur magnam occaecati. Fugiat et facilis vel aut quam. Fugit eaque dolores nulla voluptatum dicta.', 0, '2023-03-02 03:58:57', '2023-03-02 03:58:57'),
(178, 16, 'Corene Kshlerin', 'Dignissimos ut corrupti tempore vero dolore. Magni vel porro neque voluptas. Ut vel odit reprehenderit ipsa.', 1, '2023-03-02 03:58:57', '2023-03-02 03:58:57'),
(179, 3, 'Catherine Kertzmann', 'Et error minima autem facilis. Molestias iure porro nihil quis sit fugiat. Blanditiis eum mollitia est.', 0, '2023-03-02 03:58:57', '2023-03-02 03:58:57'),
(180, 37, 'Aimee Ortiz', 'Et quibusdam at sint velit quisquam eaque doloribus. Ratione et dolor sapiente porro. Qui animi itaque ut ullam rem fuga.', 3, '2023-03-02 03:58:57', '2023-03-02 03:58:57'),
(181, 50, 'Miss Maryjane Schuster', 'Tempora expedita et laboriosam enim blanditiis. Ipsam vel impedit dignissimos nesciunt tempora quis nobis nemo.', 4, '2023-03-02 03:58:57', '2023-03-02 03:58:57'),
(182, 50, 'Octavia Halvorson', 'Nihil nesciunt perspiciatis modi nobis maxime reprehenderit occaecati nisi. Aliquam veniam distinctio assumenda tenetur quia.', 0, '2023-03-02 03:58:57', '2023-03-02 03:58:57'),
(183, 42, 'Dr. Cooper Huel', 'Et odio exercitationem et aut. Ducimus illum quo fugiat rerum non ut rerum. Voluptate aut fugiat quia aperiam facere dolorem laudantium velit.', 4, '2023-03-02 03:58:57', '2023-03-02 03:58:57'),
(184, 44, 'Jenifer Schimmel', 'Qui nemo iste illum sed deserunt harum. Et id illo corporis distinctio et nihil ex voluptas. Dolores et nesciunt sapiente dolores reprehenderit et. Iusto qui veniam ipsum sed qui eum.', 5, '2023-03-02 03:58:57', '2023-03-02 03:58:57'),
(185, 31, 'Prof. Diamond Watsica Sr.', 'Aut commodi voluptate sed sunt maxime. Dolor qui consectetur hic praesentium inventore maiores nisi. Sit temporibus enim voluptas rerum ea.', 3, '2023-03-02 03:58:57', '2023-03-02 03:58:57'),
(186, 49, 'Ms. Talia Casper I', 'Ab nihil laborum id quo. Ut rerum aperiam consequatur totam. Et velit aliquid ea sit recusandae qui. Omnis molestiae officia quia enim nostrum accusantium quis. Ipsum quaerat praesentium ut corporis.', 4, '2023-03-02 03:58:57', '2023-03-02 03:58:57'),
(187, 37, 'Cindy Kutch II', 'Inventore odit rem illo reprehenderit cum. Exercitationem delectus ipsum voluptatem voluptatem aut culpa est. Quis omnis neque qui id libero iusto. Autem doloribus et suscipit vero.', 3, '2023-03-02 03:58:57', '2023-03-02 03:58:57'),
(188, 17, 'Hailey Stiedemann I', 'Magni praesentium id reprehenderit non porro molestiae. Numquam dolores pariatur vel vero non quibusdam ratione. Distinctio et ipsam beatae. Dignissimos qui exercitationem animi ipsam.', 2, '2023-03-02 03:58:57', '2023-03-02 03:58:57'),
(189, 10, 'Laila Lemke PhD', 'Rerum odit magni unde quod. Et modi rerum quidem et qui. Eos qui adipisci qui explicabo numquam aut. Porro aut unde ad doloremque.', 2, '2023-03-02 03:58:57', '2023-03-02 03:58:57'),
(190, 19, 'Dr. Emery Leannon', 'Est animi dolor consequatur commodi quae. Natus nam magnam asperiores praesentium adipisci non et. Sed ut mollitia consequatur.', 4, '2023-03-02 03:58:57', '2023-03-02 03:58:57'),
(191, 44, 'Ellis Haley', 'Tenetur voluptatem nam commodi repellendus. Omnis quam qui aspernatur corrupti recusandae totam minus. Mollitia dignissimos fugiat libero voluptas ea est. Quia est culpa minus adipisci. Architecto omnis qui et minima voluptatem.', 4, '2023-03-02 03:58:57', '2023-03-02 03:58:57'),
(192, 42, 'Prof. Gideon Adams', 'Harum provident quis quia sed quasi nihil tempora. Ex dolor sed eligendi inventore mollitia. Corporis nemo corporis autem et reiciendis. Excepturi porro et eos quo doloribus eligendi odit.', 2, '2023-03-02 03:58:57', '2023-03-02 03:58:57'),
(193, 39, 'Rahul Collier', 'Vel et enim at ut. Id ut praesentium voluptatem harum minus quam voluptates architecto. Laborum esse velit est quidem ut.', 3, '2023-03-02 03:58:57', '2023-03-02 03:58:57'),
(194, 31, 'Prof. Amanda Hirthe', 'Eos unde aut facere quisquam. Cum ut mollitia et quae. Delectus ipsa praesentium voluptatibus nisi qui maxime. Ullam qui ut atque et aliquid corporis quos.', 0, '2023-03-02 03:58:57', '2023-03-02 03:58:57'),
(195, 29, 'Queen Aufderhar PhD', 'Assumenda dolores quo et fuga voluptate qui autem voluptatibus. Laborum autem autem inventore. Quas qui molestiae quis non ullam.', 1, '2023-03-02 03:58:57', '2023-03-02 03:58:57'),
(196, 2, 'Mrs. Yvonne Sporer DVM', 'Facilis ipsa numquam iure repellendus. Mollitia voluptatem tempore praesentium dolorum cum rem.', 2, '2023-03-02 03:58:57', '2023-03-02 03:58:57'),
(197, 5, 'Sienna Braun', 'Quo exercitationem expedita non vitae voluptatem nobis est. Quis rerum est perspiciatis. Nostrum cumque nobis eaque.', 4, '2023-03-02 03:58:57', '2023-03-02 03:58:57'),
(198, 18, 'Prof. Antonette Turcotte IV', 'Aut alias ullam suscipit deserunt enim. Dolorum et deserunt aliquid similique neque velit ea et. Nihil et reiciendis minima voluptas labore consequatur.', 0, '2023-03-02 03:58:57', '2023-03-02 03:58:57'),
(199, 3, 'Rozella Gaylord', 'Ipsam aut suscipit et aut alias et non reprehenderit. Sed a laudantium harum aperiam. Nihil occaecati est expedita exercitationem sapiente pariatur et. Repellat architecto aspernatur aut et accusantium aut.', 5, '2023-03-02 03:58:57', '2023-03-02 03:58:57'),
(200, 24, 'Dr. Lon Cartwright II', 'Alias modi consequatur atque. Optio quia adipisci corrupti quo. Eos omnis earum id adipisci omnis eius deserunt dolor.', 5, '2023-03-02 03:58:57', '2023-03-02 03:58:57'),
(201, 27, 'Ms. Mazie Stoltenberg', 'Magni eum amet accusamus ut veritatis ipsa. Voluptas voluptas ratione error nihil laudantium impedit.', 1, '2023-03-02 03:58:57', '2023-03-02 03:58:57'),
(202, 46, 'Prof. Zakary Schimmel DVM', 'Itaque in voluptatibus possimus velit. Aut optio non dolores sed. Iure placeat aut ratione aut. Nihil fugit nemo sunt similique.', 0, '2023-03-02 03:58:57', '2023-03-02 03:58:57'),
(203, 12, 'Maxie Davis', 'Quae quia sapiente totam. Ea necessitatibus placeat est illo sapiente. Pariatur blanditiis sed esse consectetur labore voluptatem. Id ipsa in enim voluptas.', 1, '2023-03-02 03:58:57', '2023-03-02 03:58:57'),
(204, 29, 'Adan Casper II', 'Sed molestias ea et iste enim unde. Vel dolorem et voluptas similique ut illum ipsa. Praesentium saepe harum sit sit dolorum. In recusandae possimus ut neque ea non.', 1, '2023-03-02 03:58:57', '2023-03-02 03:58:57'),
(205, 44, 'Madaline Becker', 'Illo pariatur non ea recusandae. Numquam qui perferendis possimus molestiae ratione vero ea a. Iste cupiditate iusto quia odio dolores sapiente perferendis. Dignissimos officiis dolores animi laudantium eaque dolor illum laborum.', 0, '2023-03-02 03:58:57', '2023-03-02 03:58:57'),
(206, 4, 'Velda Skiles', 'Labore officia quas nihil maiores. Maiores voluptatem qui qui optio hic qui. Et aut nihil laborum quisquam.', 4, '2023-03-02 03:58:57', '2023-03-02 03:58:57'),
(207, 13, 'Gerda Aufderhar', 'Maxime dolor nemo illum ea aliquam quis. Dolores est provident voluptatem amet. Excepturi assumenda itaque unde quia facere enim. Id et quibusdam ut sint quia voluptas voluptates sint.', 2, '2023-03-02 03:58:57', '2023-03-02 03:58:57'),
(208, 18, 'Frankie Boyer', 'Mollitia error tenetur architecto aut reprehenderit autem veritatis non. Modi et est reprehenderit autem ipsa deleniti suscipit ratione.', 3, '2023-03-02 03:58:57', '2023-03-02 03:58:57'),
(209, 21, 'Citlalli Yundt', 'Vero nesciunt et voluptatem. Repellat voluptatem voluptatum quasi corrupti. Id dolores eum placeat ut et qui repellendus.', 5, '2023-03-02 03:58:57', '2023-03-02 03:58:57'),
(210, 47, 'Vinnie Krajcik', 'Quia voluptas quam in illum eum quia sequi. Animi ea velit cupiditate dolores. Blanditiis rerum molestiae quia voluptatem rerum quia sed in. Rerum quia hic expedita.', 2, '2023-03-02 03:58:57', '2023-03-02 03:58:57'),
(211, 50, 'Violette Fisher', 'Necessitatibus odio reiciendis quos cum possimus. Et reiciendis consequuntur quisquam perspiciatis voluptatem aspernatur. Qui aut occaecati ipsam magnam eius.', 4, '2023-03-02 03:58:57', '2023-03-02 03:58:57');
INSERT INTO `reviews` (`id`, `product_id`, `customer`, `review`, `star`, `created_at`, `updated_at`) VALUES
(212, 48, 'Mrs. Tiara Bernhard', 'Culpa dolore dolor accusantium voluptas facilis. Non velit sunt non eveniet ipsa numquam tempora. Nihil quam repellat fugit accusamus harum totam.', 4, '2023-03-02 03:58:57', '2023-03-02 03:58:57'),
(213, 36, 'Miss Cecelia Adams Sr.', 'Nostrum voluptatem sunt eligendi perspiciatis. Molestiae eaque est eum. Sunt eius id aut sapiente. Dolor possimus magnam et quo.', 0, '2023-03-02 03:58:57', '2023-03-02 03:58:57'),
(214, 21, 'Roxanne Zboncak V', 'A est earum tempore nihil architecto. Laboriosam nulla sit tempora nemo totam et eligendi. Exercitationem ipsum ipsam porro accusantium aspernatur pariatur magnam.', 4, '2023-03-02 03:58:57', '2023-03-02 03:58:57'),
(215, 50, 'Ephraim Reichert', 'Nesciunt sed magni delectus iste in incidunt earum. Eum vero iusto recusandae officiis nulla nihil quo. Incidunt praesentium dolore vero laborum doloremque eveniet voluptatem.', 2, '2023-03-02 03:58:57', '2023-03-02 03:58:57'),
(216, 50, 'Freddie Boehm II', 'Corporis provident et impedit aliquam. Dolores magnam sed quod dolores est accusantium nihil. Soluta in animi sint sapiente laboriosam autem ut. Temporibus molestiae quo et perspiciatis animi. Similique nobis sed aliquam.', 4, '2023-03-02 03:58:57', '2023-03-02 03:58:57'),
(217, 16, 'Merlin Reichel V', 'Error maxime officiis dolorem aut itaque. Voluptatem quam ipsam magnam facilis nihil nesciunt eligendi quo. Repellat nobis amet quae. Et totam repellat omnis ea.', 2, '2023-03-02 03:58:57', '2023-03-02 03:58:57'),
(218, 7, 'Loyal Bednar II', 'Aut eos culpa maiores nam dignissimos. Non distinctio officiis laborum est nostrum. Quaerat earum repellat autem optio rem.', 5, '2023-03-02 03:58:57', '2023-03-02 03:58:57'),
(219, 11, 'Tommie Haag V', 'Quod ullam cupiditate veritatis in. Eum autem a dolorem eveniet eos hic qui. Error voluptatibus atque facere earum ea. Minus consequatur necessitatibus corrupti itaque. Similique voluptates illum corporis alias repellat dolor ab.', 3, '2023-03-02 03:58:57', '2023-03-02 03:58:57'),
(220, 23, 'Marjolaine Gusikowski', 'Id sit sequi sequi voluptas repellat beatae. Facilis voluptatem deserunt saepe autem ut. Harum est fuga accusamus ratione voluptas aut maxime.', 2, '2023-03-02 03:58:57', '2023-03-02 03:58:57'),
(221, 38, 'Lula Volkman', 'Quia voluptatem excepturi enim et provident. Aut in sit maxime occaecati ut. Quo aliquid doloremque omnis velit aspernatur nihil rerum. Perspiciatis necessitatibus ducimus atque ab est consectetur.', 0, '2023-03-02 03:58:57', '2023-03-02 03:58:57'),
(222, 11, 'Gabriella Mitchell DDS', 'Voluptas quod ut aut optio sed tempore illum fugit. Quis in eos est magnam et. Possimus et et provident qui voluptatem et eos eos. Explicabo accusantium voluptas iste eveniet.', 4, '2023-03-02 03:58:57', '2023-03-02 03:58:57'),
(223, 20, 'Jamaal Schoen', 'Nihil qui est iusto quaerat occaecati dolores. Sed recusandae est mollitia cupiditate velit eum. Autem neque et sint aliquam eaque quia dolorum. Commodi iusto laborum nemo.', 4, '2023-03-02 03:58:57', '2023-03-02 03:58:57'),
(224, 24, 'Milan O\'Keefe IV', 'Ut est ea perspiciatis tenetur eveniet explicabo doloribus. Rem neque nobis temporibus ut sunt quibusdam totam.', 5, '2023-03-02 03:58:57', '2023-03-02 03:58:57'),
(225, 31, 'Presley Luettgen', 'Quidem id ut et est. Alias distinctio labore quidem modi. Porro cum voluptatum qui quae.', 1, '2023-03-02 03:58:57', '2023-03-02 03:58:57'),
(226, 20, 'Garry Klocko', 'Nihil ullam cumque eum repellendus nostrum suscipit. Enim eius aperiam perferendis in minima. Commodi sint accusamus sit sit.', 1, '2023-03-02 03:58:57', '2023-03-02 03:58:57'),
(227, 36, 'Darryl Bergstrom', 'Maxime ipsam quaerat libero molestias minima tenetur ipsa. Aut possimus nemo doloribus non accusamus debitis voluptatem. Dicta harum laudantium aut pariatur cum tempora.', 4, '2023-03-02 03:58:57', '2023-03-02 03:58:57'),
(228, 9, 'Judge Dooley', 'Iste quibusdam non perferendis saepe esse voluptates autem. Id molestias voluptas corrupti hic sint et quia. Beatae quia sint officiis est ut possimus velit.', 2, '2023-03-02 03:58:57', '2023-03-02 03:58:57'),
(229, 12, 'Scot Connelly', 'Explicabo accusamus rerum iusto facere et totam cupiditate facilis. Sunt officia assumenda unde beatae consequatur cupiditate quae maiores. Dolorem ea aperiam dolores. Omnis blanditiis aut nisi porro id velit.', 0, '2023-03-02 03:58:57', '2023-03-02 03:58:57'),
(230, 37, 'Grayson Brown', 'Architecto vel facere quia explicabo asperiores. Illum consequuntur sed animi ut. Totam aperiam aut nesciunt eaque odit. Et odio nemo corrupti cumque vero.', 2, '2023-03-02 03:58:57', '2023-03-02 03:58:57'),
(231, 5, 'Mr. Regan Okuneva IV', 'Id aliquid itaque incidunt illo aut. Molestiae est minima provident blanditiis expedita veniam. Aut est temporibus amet vel.', 2, '2023-03-02 03:58:57', '2023-03-02 03:58:57'),
(232, 50, 'Joan Bins', 'Consequatur velit repudiandae similique voluptatem quis enim in. Aut iure repellat quos natus. Provident magni delectus reprehenderit impedit omnis.', 4, '2023-03-02 03:58:57', '2023-03-02 03:58:57'),
(233, 18, 'Colin Abbott', 'Amet et qui asperiores dolore error molestiae qui optio. Omnis molestiae nemo fugiat esse aut molestias sunt eligendi. Ipsum aperiam vel saepe ut et non voluptatem.', 2, '2023-03-02 03:58:57', '2023-03-02 03:58:57'),
(234, 30, 'Mrs. Helga Daniel', 'Numquam accusantium corrupti et voluptatibus. Eum assumenda sapiente voluptate quaerat ex. Eius quia et maiores rerum officiis dicta consequuntur. Qui eius consequatur sed et omnis minus necessitatibus.', 3, '2023-03-02 03:58:57', '2023-03-02 03:58:57'),
(235, 17, 'Miss Lura Windler DVM', 'Aut neque qui aperiam nesciunt fuga voluptatem. Laborum minima dolorem et id cupiditate rerum. Nihil est nam molestiae necessitatibus quaerat.', 4, '2023-03-02 03:58:57', '2023-03-02 03:58:57'),
(236, 6, 'Carolina Muller', 'Aperiam aut id sed corporis iusto eos. Quia harum laboriosam quae cumque eum. Ea quisquam voluptatem modi dolorem ipsa. Ut et eligendi quis.', 2, '2023-03-02 03:58:57', '2023-03-02 03:58:57'),
(237, 21, 'Joanne Rolfson', 'Nulla quo qui illo vitae ut. Et tempore nihil omnis nihil. Ex doloremque atque quas tempore nostrum. Sunt sit natus minus corporis.', 0, '2023-03-02 03:58:57', '2023-03-02 03:58:57'),
(238, 11, 'Penelope Goldner', 'Corporis corrupti voluptatum magni quidem nisi reprehenderit est. Assumenda commodi qui tempora. Velit aliquid architecto reiciendis suscipit enim. Cum recusandae autem quos repellat quia occaecati distinctio velit. Itaque odio in ut maiores.', 0, '2023-03-02 03:58:57', '2023-03-02 03:58:57'),
(239, 42, 'Luna Bernhard', 'Ea deserunt id et. Quia assumenda dignissimos aliquid quae esse eius. Aut dolor consectetur qui quaerat et quaerat. Ex natus qui mollitia aut omnis magnam consequuntur rem. Dolore unde ipsum beatae assumenda maiores.', 4, '2023-03-02 03:58:57', '2023-03-02 03:58:57'),
(240, 2, 'Enrique Breitenberg', 'Et fugiat illo rerum iusto aut nulla. Dignissimos quia perferendis velit vero ullam omnis est. Rerum et quam vel saepe illo sit nihil. Ea odit ipsam in facere deserunt iusto atque. Nobis et quidem ut soluta blanditiis voluptatem.', 0, '2023-03-02 03:58:57', '2023-03-02 03:58:57'),
(241, 1, 'Dr. Marlin Runolfsson', 'Consectetur provident consequatur est. Cum doloribus accusamus et cumque quia asperiores. Iure sequi nulla est. Et delectus odio eos perferendis nisi.', 1, '2023-03-02 03:58:57', '2023-03-02 03:58:57'),
(242, 4, 'Trey Hahn Jr.', 'Et quaerat ipsam facilis necessitatibus nemo. Molestias aspernatur quam praesentium laborum non. Esse nesciunt eum et cumque rem molestiae. Nostrum eos voluptatem totam in rem ea. Sit est rem molestias voluptate.', 1, '2023-03-02 03:58:57', '2023-03-02 03:58:57'),
(243, 34, 'Prof. Alfonso Konopelski', 'Facilis iusto excepturi laborum. Iste illo sit quasi culpa eos.', 3, '2023-03-02 03:58:57', '2023-03-02 03:58:57'),
(244, 12, 'Carrie Schuppe', 'Voluptate a iusto in aliquid quos est. Et earum delectus eaque mollitia libero. Cupiditate dicta labore illum ad distinctio.', 1, '2023-03-02 03:58:57', '2023-03-02 03:58:57'),
(245, 36, 'Torrance Sawayn II', 'Aspernatur ipsum temporibus non laboriosam tempore iste. Quos et sapiente deleniti sint ullam sed. Unde dolore repellendus quia. Error labore consequatur eaque minima nemo.', 5, '2023-03-02 03:58:57', '2023-03-02 03:58:57'),
(246, 7, 'Ana Larson', 'Quae voluptate sint non voluptates. Quasi repudiandae eveniet voluptas.', 1, '2023-03-02 03:58:57', '2023-03-02 03:58:57'),
(247, 11, 'Rosella Corwin Jr.', 'Qui aut sed a voluptas distinctio cum eum. Asperiores quas tempora ut commodi quidem. Illo incidunt similique fuga culpa sit.', 0, '2023-03-02 03:58:57', '2023-03-02 03:58:57'),
(248, 33, 'Monte Keebler', 'Dolor rem rerum distinctio maxime necessitatibus quis. Accusamus consequatur vero nisi dolores ex est voluptatem. Eligendi et omnis nihil quam et praesentium.', 1, '2023-03-02 03:58:57', '2023-03-02 03:58:57'),
(249, 41, 'Vilma Ernser', 'Et neque ipsa similique aut mollitia qui ut. Alias pariatur unde repellendus veniam. Dolorum at quis aliquid quos ipsa reprehenderit accusantium. Laborum qui nisi et molestiae neque et beatae sed.', 1, '2023-03-02 03:58:57', '2023-03-02 03:58:57'),
(250, 26, 'German Gleason', 'Aperiam inventore pariatur officia qui facilis quas. Ea voluptatem sit tenetur amet repellat tenetur quis. Rerum at voluptatem amet qui. Vitae perspiciatis unde aut dolore ut.', 1, '2023-03-02 03:58:57', '2023-03-02 03:58:57'),
(251, 44, 'Dr. Jamar Sanford II', 'Ut odit voluptatem qui eos quaerat doloribus. Dolor veniam dolore dolorum iure exercitationem eum.', 5, '2023-03-02 03:58:57', '2023-03-02 03:58:57'),
(252, 20, 'Dr. Arvel Emmerich', 'Placeat assumenda ullam et itaque. Ex id suscipit facilis animi ut doloremque. Temporibus sed quo dolorum et. Tenetur vel ut iure cum in omnis nobis. Facere sint qui in dignissimos.', 5, '2023-03-02 03:58:57', '2023-03-02 03:58:57'),
(253, 33, 'Cassidy Koelpin', 'Et error et ipsum alias doloribus. Ut occaecati autem dicta. Et accusamus qui animi vero ullam aut sed.', 3, '2023-03-02 03:58:57', '2023-03-02 03:58:57'),
(254, 7, 'Genevieve McClure II', 'Sit explicabo aut error minima voluptatem soluta. Deleniti molestiae eius expedita sequi nam. Nulla tenetur facilis officiis ut magni ut aliquid.', 0, '2023-03-02 03:58:57', '2023-03-02 03:58:57'),
(255, 22, 'Mark Johns', 'Tempore voluptatem et hic autem itaque autem. Est nihil accusantium magnam recusandae. Cum mollitia ea sed cumque veniam.', 2, '2023-03-02 03:58:57', '2023-03-02 03:58:57'),
(256, 19, 'Blair Friesen III', 'Beatae exercitationem doloremque voluptatum est odit nostrum natus. Dignissimos expedita ipsum impedit nihil inventore pariatur sed cum. Et tempore odio voluptatem eos cupiditate et voluptatem.', 3, '2023-03-02 03:58:57', '2023-03-02 03:58:57'),
(257, 41, 'Gerry Lueilwitz', 'Maiores cum ut nihil aut tenetur. Praesentium optio non dolores exercitationem quaerat molestiae. Voluptatem beatae magni magnam est.', 3, '2023-03-02 03:58:57', '2023-03-02 03:58:57'),
(258, 42, 'Randall Homenick Sr.', 'Facilis qui distinctio aliquam assumenda dolores ad et aut. Ex molestiae eveniet sit eos quia nostrum. Corrupti voluptatem et ut sed nulla voluptas enim. Eum id facilis quis harum facere asperiores maxime.', 4, '2023-03-02 03:58:57', '2023-03-02 03:58:57'),
(259, 50, 'Prof. Stephan Brekke DDS', 'Consequatur sint laborum aut sed laborum. Omnis rerum inventore ipsam cupiditate qui eum. Laboriosam provident dicta praesentium quidem.', 0, '2023-03-02 03:58:57', '2023-03-02 03:58:57'),
(260, 29, 'Mr. Jovanny Howe MD', 'Eum vel itaque asperiores. Odit dolores cupiditate ratione eum aut. Eos nostrum amet aperiam accusantium quisquam.', 2, '2023-03-02 03:58:57', '2023-03-02 03:58:57'),
(261, 5, 'Lola Rempel', 'Molestias ea soluta magnam aut nesciunt aliquam. Aperiam id sunt et ea dolorem. Ut explicabo optio dolores ut.', 4, '2023-03-02 03:58:57', '2023-03-02 03:58:57'),
(262, 15, 'Florian Zieme', 'Ea dolor enim dolor hic vel. Rerum est inventore occaecati totam. At numquam autem sit iure ut suscipit. Praesentium est architecto excepturi est et exercitationem voluptatem.', 5, '2023-03-02 03:58:57', '2023-03-02 03:58:57'),
(263, 17, 'Dustin Haley', 'Officia aut dolore consectetur quis. Omnis corrupti totam et ipsam exercitationem laudantium et. Omnis recusandae sunt illo ad voluptates natus.', 2, '2023-03-02 03:58:57', '2023-03-02 03:58:57'),
(264, 47, 'Alexandrine Stehr', 'Ipsum laudantium et nihil officia deserunt. Deleniti perferendis quos sunt ratione qui molestias nihil. Mollitia ea earum veritatis eveniet eos quo. Aperiam sit labore blanditiis nihil.', 0, '2023-03-02 03:58:57', '2023-03-02 03:58:57'),
(265, 21, 'Kaleigh Rippin', 'Quis voluptatem laboriosam aut. Aspernatur consequatur quidem ut consectetur. Assumenda voluptates magnam sed aliquam. Omnis ut iusto corporis molestiae sunt incidunt consequatur illo. Enim ipsam voluptatum fuga mollitia maxime eos.', 3, '2023-03-02 03:58:57', '2023-03-02 03:58:57'),
(266, 23, 'Reagan Keebler DDS', 'Maiores ipsam fugit doloremque ut ad enim. Nobis sint nostrum doloribus et. Cum nemo non error et est. Necessitatibus corporis perferendis ipsam consequuntur.', 2, '2023-03-02 03:58:57', '2023-03-02 03:58:57'),
(267, 40, 'Dr. Elise Connelly', 'Sapiente et error quia magnam quisquam ipsum. Autem sunt dolore itaque. Est deleniti vero dolor est. Soluta nobis nisi qui ea quidem voluptatem.', 0, '2023-03-02 03:58:57', '2023-03-02 03:58:57'),
(268, 47, 'Delia Wisozk', 'Harum impedit aliquid vel non debitis. Et commodi excepturi doloribus quaerat deserunt. Minus distinctio rem illum omnis.', 5, '2023-03-02 03:58:57', '2023-03-02 03:58:57'),
(269, 22, 'Juliana Jakubowski', 'Magnam ut rem sed quia. Qui eos eligendi sit. Eveniet ullam in blanditiis eos non. Neque et nesciunt omnis quibusdam aliquam.', 0, '2023-03-02 03:58:57', '2023-03-02 03:58:57'),
(270, 8, 'Carolanne Schmidt MD', 'Vel commodi officia hic sunt eveniet ex. Est eum mollitia iure aut dolore.', 3, '2023-03-02 03:58:57', '2023-03-02 03:58:57'),
(271, 45, 'Susanna McKenzie DDS', 'Nulla voluptate deserunt cupiditate recusandae enim unde dolorum aliquam. Eos eius consequuntur nostrum dolor ullam vero autem magnam.', 0, '2023-03-02 03:58:57', '2023-03-02 03:58:57'),
(272, 27, 'Granville Kutch', 'Dolorum quibusdam ea assumenda adipisci aspernatur. Fugiat quod repellendus voluptatem qui.', 5, '2023-03-02 03:58:57', '2023-03-02 03:58:57'),
(273, 10, 'Jack Gulgowski DDS', 'Reiciendis tempore fuga ex rerum vero. Necessitatibus non sed et est deserunt dolores. Enim culpa qui sapiente recusandae perspiciatis in distinctio eum. Quo sed illo aspernatur inventore ullam inventore consequatur.', 1, '2023-03-02 03:58:57', '2023-03-02 03:58:57'),
(274, 23, 'Jameson Jones', 'Quia repellat cumque sed perferendis. Et harum quo minima. Ipsa perspiciatis dolore voluptatum cumque sit tempora ut.', 0, '2023-03-02 03:58:57', '2023-03-02 03:58:57'),
(275, 42, 'Troy Greenfelder', 'Ad dolorem enim consequuntur eligendi et. Ipsa itaque dolor libero non autem deserunt. Debitis pariatur commodi corrupti dignissimos. Quaerat consequuntur illum provident minima voluptatibus laborum non modi.', 0, '2023-03-02 03:58:57', '2023-03-02 03:58:57'),
(276, 36, 'Mr. Maximo Osinski III', 'Ut numquam pariatur et repudiandae voluptatum dolorum amet. Nisi tenetur est natus enim ad nobis dolor. Repudiandae blanditiis id qui facilis sed consequatur expedita sed.', 1, '2023-03-02 03:58:57', '2023-03-02 03:58:57'),
(277, 28, 'Silas Durgan', 'Atque itaque est delectus qui. Autem commodi accusantium eligendi quod aperiam. Quos labore tenetur sit quia ex debitis molestiae mollitia. Ratione ipsum repellat dolores ratione quia et consectetur.', 3, '2023-03-02 03:58:57', '2023-03-02 03:58:57'),
(278, 28, 'Clifford Krajcik', 'Velit qui illum qui animi quibusdam saepe. Et velit voluptate reiciendis et et. Earum optio vitae praesentium magni.', 5, '2023-03-02 03:58:57', '2023-03-02 03:58:57'),
(279, 39, 'Greta Howe', 'Vel officia consequatur est laboriosam delectus. Suscipit doloribus dolor fugit qui. Laborum sint sunt quia non sequi nostrum placeat.', 0, '2023-03-02 03:58:57', '2023-03-02 03:58:57'),
(280, 9, 'Lelah Jacobi', 'Dolor et neque in quis. Excepturi animi eos qui. Dolor distinctio enim praesentium reiciendis. Molestias soluta quas animi eos. Molestias eos et illum.', 5, '2023-03-02 03:58:57', '2023-03-02 03:58:57'),
(281, 14, 'Aliya Schultz', 'Provident dicta omnis vero iure. Rerum quasi quia ut. Sed modi voluptatibus molestiae harum eligendi amet sint eum. Incidunt ea porro provident consequatur dolores fugiat numquam.', 3, '2023-03-02 03:58:57', '2023-03-02 03:58:57'),
(282, 33, 'Prof. Ansel Bode V', 'Dolor quo quae veniam blanditiis mollitia. Optio beatae eos in et nesciunt omnis beatae. Fuga illum porro enim architecto. Inventore et vitae quisquam in illum atque.', 3, '2023-03-02 03:58:57', '2023-03-02 03:58:57'),
(283, 40, 'Nadia Bosco', 'Beatae aperiam nesciunt qui. Reiciendis quo laboriosam facilis optio vitae.', 5, '2023-03-02 03:58:57', '2023-03-02 03:58:57'),
(284, 22, 'Loren Adams', 'Eum sint enim voluptatibus laborum. Debitis consequatur repudiandae laboriosam itaque illum unde. In illum perferendis inventore ut. Dicta dolorum excepturi suscipit iure architecto sed necessitatibus.', 3, '2023-03-02 03:58:57', '2023-03-02 03:58:57'),
(285, 4, 'Dr. Glen Bergstrom', 'Ea nihil qui recusandae porro non quis voluptatem. Ducimus excepturi et molestiae consequatur sed.', 0, '2023-03-02 03:58:57', '2023-03-02 03:58:57'),
(286, 7, 'Sheridan Nienow', 'Sed fugiat quaerat harum vero et aliquid. Et placeat odio consequatur. Dolorum est velit qui enim officiis repudiandae id. Dolores explicabo laborum id placeat.', 1, '2023-03-02 03:58:57', '2023-03-02 03:58:57'),
(287, 16, 'Janelle Leannon', 'Iste sit possimus eum veritatis. Excepturi excepturi iste nam tempore architecto et ipsa. Dolores accusamus aut nobis reprehenderit et unde inventore. Harum quaerat incidunt animi optio repudiandae unde.', 0, '2023-03-02 03:58:57', '2023-03-02 03:58:57'),
(288, 23, 'Myrl Schumm', 'Ut harum nesciunt sit est sed cupiditate repellat consequuntur. Consequatur est unde est rerum. Architecto sed enim qui porro asperiores possimus.', 3, '2023-03-02 03:58:57', '2023-03-02 03:58:57'),
(289, 34, 'Rebeka Koepp DVM', 'Ut doloribus sunt temporibus alias perspiciatis. Excepturi eum ducimus rerum autem. Quas voluptates et nesciunt perferendis non. Accusantium voluptate optio laborum nam numquam quia. Qui maxime distinctio excepturi tempore magni vero.', 1, '2023-03-02 03:58:57', '2023-03-02 03:58:57'),
(290, 27, 'Eldridge Goyette', 'Earum dolorem et et et aliquam autem. Deleniti dolor est culpa.', 0, '2023-03-02 03:58:57', '2023-03-02 03:58:57'),
(291, 37, 'Jamie Pagac', 'Esse laudantium numquam ratione vel corrupti consectetur. Ut autem laboriosam sed eos et. Dignissimos et amet non consequatur sint facilis ipsa.', 3, '2023-03-02 03:58:57', '2023-03-02 03:58:57'),
(292, 6, 'Dr. Gregory Blick Jr.', 'Aut et quia necessitatibus molestiae. Molestiae vitae soluta aut dolorum. Optio dignissimos fugiat molestiae reiciendis dolorem. Dolore enim voluptatem autem quis et dolore. Et dolor ipsam est est.', 0, '2023-03-02 03:58:57', '2023-03-02 03:58:57'),
(293, 9, 'Dr. Augustus Hand III', 'Odit perspiciatis quis cum. Rerum delectus ut repellendus reprehenderit rerum. Aut inventore nam doloremque est. Perferendis occaecati non autem quasi sequi architecto.', 2, '2023-03-02 03:58:57', '2023-03-02 03:58:57'),
(294, 14, 'Marina Stiedemann DVM', 'Quibusdam qui eligendi accusamus ab. Voluptatibus blanditiis eius rerum magni rerum dolore blanditiis. Vel consequatur et harum tenetur et.', 0, '2023-03-02 03:58:57', '2023-03-02 03:58:57'),
(295, 47, 'Lloyd Thompson', 'Fugit delectus sunt error perspiciatis. Aut quis non natus aut. Sunt numquam eveniet neque laboriosam vel enim. Quibusdam magnam et et atque sed ut cumque. Est adipisci hic impedit aut eius.', 0, '2023-03-02 03:58:57', '2023-03-02 03:58:57'),
(296, 8, 'Mrs. Shea Simonis', 'Voluptates veniam amet possimus impedit voluptatem eum. Nemo error quasi sit non non architecto vel. Id iure quis rerum earum aut saepe odit ut. Illum non ut repudiandae earum nesciunt consequatur veniam.', 1, '2023-03-02 03:58:57', '2023-03-02 03:58:57'),
(297, 19, 'Ms. Zaria Wehner II', 'Facere est et recusandae et. Veritatis est et deserunt aspernatur consequatur facilis repellat tempora. Corrupti sint quas quia et. Rerum aliquam doloribus fugit quidem repellendus harum. Numquam nulla a quas tenetur quis.', 2, '2023-03-02 03:58:57', '2023-03-02 03:58:57'),
(298, 11, 'Mr. Darrion Kuhn', 'Magni est quo accusamus facilis accusantium. Ut molestias corporis voluptates mollitia. Consectetur molestiae perspiciatis blanditiis fugit neque. Corporis consequatur a aut natus consectetur voluptas voluptatibus.', 3, '2023-03-02 03:58:57', '2023-03-02 03:58:57'),
(299, 22, 'Paige Gulgowski', 'Et eveniet praesentium modi sit. Sit cumque qui reprehenderit ea rem ipsa ab. Et eaque alias sit aut consequatur consequatur fugiat.', 1, '2023-03-02 03:58:57', '2023-03-02 03:58:57'),
(300, 46, 'Dr. Fred Kessler V', 'Ipsa sit exercitationem culpa pariatur veniam nesciunt et. Consequatur sed quidem distinctio quod qui quia. Vero quam autem veniam nam dolore dolorem. Qui odio consectetur qui ab laborum porro.', 5, '2023-03-02 03:58:57', '2023-03-02 03:58:57');

-- --------------------------------------------------------

--
-- Table structure for table `users`
--

DROP TABLE IF EXISTS `users`;
CREATE TABLE IF NOT EXISTS `users` (
  `id` bigint UNSIGNED NOT NULL AUTO_INCREMENT,
  `name` varchar(191) COLLATE utf8mb4_unicode_ci NOT NULL,
  `email` varchar(191) COLLATE utf8mb4_unicode_ci NOT NULL,
  `email_verified_at` timestamp NULL DEFAULT NULL,
  `password` varchar(191) COLLATE utf8mb4_unicode_ci NOT NULL,
  `remember_token` varchar(100) COLLATE utf8mb4_unicode_ci DEFAULT NULL,
  `created_at` timestamp NULL DEFAULT NULL,
  `updated_at` timestamp NULL DEFAULT NULL,
  PRIMARY KEY (`id`),
  UNIQUE KEY `users_email_unique` (`email`)
) ENGINE=MyISAM DEFAULT CHARSET=utf8mb4 COLLATE=utf8mb4_unicode_ci;
COMMIT;

/*!40101 SET CHARACTER_SET_CLIENT=@OLD_CHARACTER_SET_CLIENT */;
/*!40101 SET CHARACTER_SET_RESULTS=@OLD_CHARACTER_SET_RESULTS */;
/*!40101 SET COLLATION_CONNECTION=@OLD_COLLATION_CONNECTION */;
